nome,cpf,idade,endereco,cep,estado
Sr. Vitor Gabriel Silva,640.***.***-01,92,"Trevo Emanuel Silva, 482",47847-085,AP
Calebe Santos,651.***.***-46,41,"Recanto Moraes, 7",96497-621,PB
Maria Julia Castro,164.***.***-43,78,"Residencial De Pereira, 20",62127-165,AL
Arthur Da Rosa,085.***.***-30,55,"Parque Almeida, 66",09805-686,SE
Juan Pereira,520.***.***-21,69,"Rodovia De Pereira, 51",44830-637,Desconhecido
Dra. Ana Laura Ribeiro,210.***.***-20,71,Esplanada Lavínia Ramos,39467-536,SP
Maria Clara Araújo,960.***.***-80,42,"Praça Cavalcanti, 65",97788-105,RO
Vitória Oliveira,302.***.***-83,32,"Esplanada Monteiro, 88",06403-281,GO
Benjamin Oliveira,451.***.***-84,51,"Ladeira Monteiro, 57",76835-491,Desconhecido
Pietro Barros,843.***.***-50,53,"Recanto Luiz Miguel Jesus, 35",50536-588,PB
Samuel Cavalcanti,520.***.***-01,90,"Ladeira De Porto, 38",91782-042,TO
Ian Da Costa,384.***.***-78,24,"Via De Jesus, 57",93849-206,PB
Dr. Emanuel Costa,736.***.***-19,56,"Lago Castro, 94",24415-900,RJ
Larissa Da Cruz,128.***.***-60,84,"Setor Isadora Da Rosa, 583",20125-668,RR
Diogo Carvalho,078.***.***-97,84,"Viaduto Pedro Lucas Cavalcanti, 49",27653-901,RS
Sr. Anthony Almeida,305.***.***-60,38,"Rua Vitor Hugo Pinto, 21",08712-074,RJ
Clara Martins,397.***.***-86,78,"Rodovia Aragão, 245",61224-422,MG
Dr. Luiz Felipe Cardoso,374.***.***-20,70,"Alameda De Lima, 65",49621-639,PE
Sr. Calebe Lopes,135.***.***-77,64,"Trecho Lucas Sales, 24",09228-582,RO
Miguel Monteiro,097.***.***-41,55,"Passarela Igor Novaes, 89",32670-098,SE
Srta. Catarina Da Mata,468.***.***-57,83,"Sítio Luna Carvalho, 98",32066-338,AM
João Gabriel Araújo,625.***.***-25,75,"Esplanada De Castro, 4",69704-913,MT
Sr. Nicolas Azevedo,036.***.***-33,36,"Estrada De Aragão, 1",49120-746,AC
Kamilly Caldeira,508.***.***-47,46,Via Gabriela Nascimento,45044-395,AP
Renan Araújo,186.***.***-57,80,"Travessa Vinicius Da Mata, 52",66380-981,Desconhecido
Vicente Nascimento,054.***.***-32,64,Largo Vieira,78970-057,DF
Isaac Rocha,873.***.***-69,58,"Área Lucas Gabriel Silveira, 51",55284-530,PE
Julia Das Neves,819.***.***-05,61,"Jardim Isabelly Gomes, 23",81186-838,ES
Breno Rodrigues,196.***.***-34,96,Distrito De Silveira,14225-405,AM
Isabel Nogueira,968.***.***-65,64,Travessa Ana Júlia Da Rocha,01287-083,TO
Anthony Araújo,208.***.***-26,40,"Avenida Milena Pires, 360",71412-995,AP
Sra. Marina Da Cunha,067.***.***-95,57,"Rodovia Marcelo Souza, 25",24438-186,RN
Helena Cardoso,853.***.***-39,53,"Pátio Alexandre Teixeira, 243",21474-228,RR
Luigi Nunes,593.***.***-24,52,"Via Clara Da Rosa, 928",87117-636,RR
Srta. Raquel Da Costa,278.***.***-09,60,"Estação Ribeiro, 46",45512-787,PB
Sra. Ana Vitória Oliveira,120.***.***-17,62,"Sítio De Cavalcanti, 97",21342-254,PA
Luiza Campos,974.***.***-03,53,"Condomínio De Rodrigues, 52",93625-248,SC
Lucca Da Paz,526.***.***-95,73,"Rodovia Vieira, 63",85325-522,RN
Nathan Da Rosa,907.***.***-25,33,"Recanto De Da Conceição, 1",52583-232,AM
Lívia Silveira,804.***.***-85,62,"Setor De Azevedo, 375",56381-800,AL
Isabel Cavalcanti,492.***.***-04,56,"Ladeira Pietra Cunha, 13",86652-477,PA
Rafael Nunes,285.***.***-76,39,"Vereda Davi Lucca Barbosa, 35",38759-767,GO
Elisa Fogaça,572.***.***-92,97,"Rodovia Ana Júlia Araújo, 68",22775-108,PE
Agatha Ramos,948.***.***-85,25,"Distrito De Barros, 41",54500-129,RJ
Kamilly Rocha,946.***.***-48,61,"Feira Campos, 17",01967-483,DF
Antônio Das Neves,435.***.***-82,41,"Avenida Vitor Hugo Cardoso, 34",96831-280,SC
Luiz Gustavo Alves,198.***.***-10,47,"Rodovia De Souza, 63",81275-813,MS
Emanuella Fernandes,097.***.***-96,88,"Residencial Ian Da Paz, 6",41928-916,PR
Srta. Ana Beatriz Farias,431.***.***-39,64,"Ladeira De Da Paz, 98",48285-699,PE
Yago Monteiro,865.***.***-00,45,"Ladeira Pereira, 21",50425-764,Desconhecido
Yasmin Gonçalves,017.***.***-14,77,"Área Barros, 46",98637-706,Desconhecido
Bruna Nascimento,132.***.***-52,36,"Vereda Luiz Felipe Costa, 70",23088-133,DF
Davi Luiz Nogueira,873.***.***-50,98,"Vila Sales, 97",59231-544,ES
Ian Monteiro,324.***.***-91,26,"Favela Alana Ribeiro, 318",79179-607,MS
Srta. Helena Silva,905.***.***-01,37,"Parque Freitas, 82",59029-142,AC
Bárbara Novaes,038.***.***-15,90,"Trecho Bryan Da Cunha, 1",61163-162,PA
Sr. Pedro Lucas Costela,534.***.***-00,31,Esplanada Moreira,93675-777,ES
Rafael Jesus,673.***.***-80,24,"Campo De Barros, 16",43534-126,DF
Sra. Alícia Caldeira,051.***.***-70,91,"Distrito Esther Campos, 264",13908-226,PA
Danilo Martins,760.***.***-39,100,"Largo Pires, 78",13125-523,AP
Sr. Gabriel Da Rosa,530.***.***-53,51,Campo Isabelly Freitas,94562-211,Desconhecido
Augusto Teixeira,412.***.***-16,71,Favela Maria Novaes,60241-424,RR
Ana Julia Da Rosa,630.***.***-65,44,"Trevo Moraes, 5",38769-503,SP
Lucca Barbosa,836.***.***-77,99,"Rua Mendes, 337",06179-472,SP
Amanda Da Costa,268.***.***-29,24,"Lagoa Cardoso, 1",61793-758,SP
Dr. Francisco Cardoso,430.***.***-50,97,"Lago Maitê Campos, 31",72279-259,TO
Lorena Farias,268.***.***-82,94,"Residencial Barbosa, 44",26601-655,AP
Anthony Da Costa,935.***.***-97,37,"Recanto De Rocha, 68",12467-132,SE
Cauã Rodrigues,107.***.***-87,99,"Vale Gustavo Henrique Alves, 50",75200-837,AL
Anthony Barbosa,631.***.***-00,88,Vila Farias,80983-484,RN
Ana Julia Almeida,179.***.***-09,23,"Fazenda De Porto, 3",60244-655,MA
Milena Barros,314.***.***-51,75,"Setor Miguel Pires, 3",63141-374,PA
Murilo Gomes,759.***.***-93,,Morro De Castro,68132-710,SP
Daniel Barbosa,812.***.***-98,30,"Praça Ferreira, 764",04459-429,Desconhecido
Dr. Samuel Cardoso,039.***.***-96,48,"Vereda Cauê Novaes, 14",17511-624,Desconhecido
Ana Laura Sales,863.***.***-22,79,"Fazenda De Pinto, 42",94419-954,PR
Mariana Cunha,492.***.***-25,82,"Loteamento Luiz Felipe Teixeira, 87",09824-175,AM
Sr. João Guilherme Cavalcanti,347.***.***-70,39,"Quadra Emanuella Da Conceição, 29",48756-294,MS
Kamilly Rocha,365.***.***-10,64,"Rodovia Danilo Costa, 17",93173-991,MS
Gabriel Nunes,940.***.***-04,56,Vila Stephany Lima,43271-006,PA
Rafael Correia,579.***.***-05,73,"Morro De Cardoso, 47",82157-940,SE
Ana Lívia Barbosa,925.***.***-60,64,Lagoa Sarah Azevedo,68691-716,Desconhecido
Maitê Teixeira,694.***.***-39,92,"Loteamento Oliveira, 29",35499-227,PE
Carlos Eduardo Santos,937.***.***-37,70,"Largo Nascimento, 97",00090-218,PR
Enzo Gabriel Araújo,349.***.***-96,72,Endereco Invalido,,Desconhecido
Breno Moreira,184.***.***-49,41,"Aeroporto De Das Neves, 7",05152-623,AL
Julia Lopes,106.***.***-31,48,"Conjunto De Cardoso, 5",42663-889,PR
André Lima,645.***.***-70,81,Viaduto Cardoso,18780-365,RO
João Gabriel Barbosa,190.***.***-67,56,Fazenda De Barros,74227-859,DF
,438.***.***-56,23,Colônia Maria Vitória Moura,87984-967,GO
João Felipe Oliveira,830.***.***-00,44,Avenida De Cardoso,39614-351,RN
Samuel Vieira,218.***.***-53,41,"Lagoa Leandro Caldeira, 1",51972-241,MT
Lucca Ferreira,237.***.***-19,87,"Esplanada De Das Neves, 5",55857-900,MG
Samuel Castro,582.***.***-70,71,"Praia Eloah Da Mata, 95",76620-467,AL
Maria Vitória Teixeira,426.***.***-25,63,"Praia Carvalho, 7",08272-068,PA
Maria Fernanda Farias,907.***.***-20,24,"Área De Correia, 44",16210-070,AM
Fernanda Sales,879.***.***-32,72,"Vale Lorenzo Almeida, 80",39381-620,PE
Srta. Eduarda Nogueira,602.***.***-07,67,Chácara Isadora Das Neves,25121-623,PB
Maitê Ferreira,016.***.***-99,67,Estação Cunha,29389-355,PR
Catarina Pires,079.***.***-11,48,"Loteamento De Lima, 1",16602-243,MT
Manuela Da Rocha,839.***.***-57,76,"Alameda De Gonçalves, 79",47129-674,SP
Nina Moura,604.***.***-25,47,"Quadra Bernardo Ferreira, 85",48882-146,PA
Pedro Henrique Vieira,526.***.***-03,44,"Rodovia Alícia Dias, 58",14088-768,RR
Ana Clara Cunha,862.***.***-02,38,"Rua De Cavalcanti, 8",01240-048,AC
Pietra Santos,508.***.***-67,96,"Esplanada De Silva, 1",06033-930,GO
Sr. Theo Da Conceição,284.***.***-14,27,"Viaduto De Freitas, 12",41526-260,RR
Vinicius Da Costa,023.***.***-16,67,"Recanto Valentina Pinto, 52",97787-119,PA
Pedro Henrique Cunha,519.***.***-93,60,"Passarela De Santos, 501",81047-029,ES
Davi Nogueira,564.***.***-11,76,"Morro Lucca Da Rocha, 40",05301-527,Desconhecido
Luiz Fernando Da Paz,409.***.***-11,82,"Praça De Da Paz, 5",17691-504,TO
Srta. Letícia Rocha,137.***.***-32,78,"Fazenda João Felipe Souza, 78",08184-872,SC
João Nogueira,367.***.***-10,92,"Rodovia Cauê Monteiro, 50",61521-177,Desconhecido
João Gabriel Cardoso,962.***.***-34,55,"Área De Ferreira, 20",75695-006,AC
Ryan Ribeiro,409.***.***-48,97,"Núcleo Almeida, 41",63386-457,PB
Olivia Das Neves,314.***.***-55,24,"Lagoa De Vieira, 25",66090-560,AL
Sr. Luiz Miguel Pinto,942.***.***-76,57,"Conjunto Da Luz, 6",95186-702,SC
Elisa Teixeira,217.***.***-73,81,"Ladeira De Rodrigues, 58",18153-240,ES
Pedro Miguel Das Neves,523.***.***-03,61,"Jardim De Nascimento, 7",72911-524,RS
Maria Luiza Azevedo,064.***.***-47,78,"Quadra De Da Cruz, 42",11782-275,PE
Lorenzo Silva,642.***.***-13,49,"Conjunto De Da Cruz, 1",82687-160,RJ
Bianca Souza,673.***.***-40,99,"Colônia Francisco Campos, 7",47223-561,SC
Vitor Azevedo,643.***.***-20,72,Largo De Barbosa,37778-485,AL
Enzo Gabriel Lima,187.***.***-94,58,Aeroporto Rezende,22751-419,SP
Eduarda Cunha,093.***.***-32,61,"Campo De Pinto, 72",22684-962,PI
Sra. Nicole Da Rocha,367.***.***-03,81,"Setor De Ferreira, 742",59176-949,RR
Ana Clara Santos,430.***.***-04,37,"Ladeira De Sales, 15",18447-153,DF
Enzo Gabriel Castro,694.***.***-65,98,Ladeira De Teixeira,49881-890,PB
Nicole Ferreira,701.***.***-22,29,"Aeroporto Duarte, 9",49849-669,ES
Erick Sales,498.***.***-48,39,"Trecho De Martins, 51",87398-775,PR
Anthony Barros,742.***.***-07,43,"Vila Alexia Viana, 87",22732-445,PA
Renan Da Rocha,986.***.***-10,54,"Morro Melo, 463",18981-145,RO
Marcela Santos,843.***.***-42,25,"Residencial De Aragão, 65",81955-681,RN
Carolina Melo,970.***.***-05,41,"Vereda Kamilly Da Rosa, 80",58360-617,SC
Lavínia Rezende,946.***.***-70,46,"Morro Davi Luiz Correia, 38",55361-364,Desconhecido
Srta. Julia Porto,502.***.***-61,76,"Distrito Ana Laura Aragão, 90",37050-371,MA
Alana Cardoso,572.***.***-41,34,"Favela Gonçalves, 32",62579-612,PR
Davi Lucas Cardoso,805.***.***-83,30,"Viela Da Paz, 92",95443-238,MT
Raul Santos,315.***.***-03,21,"Loteamento Emanuelly Sales, 135",56249-362,SP
Igor Melo,261.***.***-17,47,"Favela Oliveira, 67",91636-157,PR
Joaquim Da Costa,274.***.***-56,78,"Condomínio Campos, 38",49718-775,SP
João Felipe Farias,936.***.***-01,29,"Estação Milena Silva, 549",77860-945,PE
Manuela Almeida,647.***.***-30,76,"Feira Alice Ramos, 3",84904-729,PE
Ryan Rocha,248.***.***-51,65,"Passarela Nogueira, 8",08422-194,PI
Luna Da Conceição,935.***.***-91,97,"Campo Campos, 82",10003-961,MA
Manuela Silva,591.***.***-73,20,"Jardim Beatriz Farias, 11",79947-311,AL
Maria Vitória Das Neves,761.***.***-34,97,Lagoa Cavalcanti,46594-913,PE
Marcela Cunha,904.***.***-32,47,"Rua Sales, 4",73420-661,SE
Bryan Souza,593.***.***-00,67,"Viaduto Thales Costela, 23",14364-941,Desconhecido
Kevin Cavalcanti,658.***.***-01,49,"Distrito Maria Moraes, 9",34507-199,PR
Sr. João Gabriel Martins,794.***.***-85,76,"Esplanada De Moura, 95",73036-474,MA
Gabriela Da Mata,746.***.***-90,69,"Viaduto De Peixoto, 16",10719-934,Desconhecido
Srta. Júlia Fernandes,650.***.***-98,50,"Condomínio Leandro Da Mota, 20",87409-412,TO
Bárbara Silveira,386.***.***-04,41,Trevo Carvalho,27781-889,RN
Vinicius Jesus,549.***.***-91,91,Morro De Duarte,91232-749,RS
Srta. Alice Pires,536.***.***-56,43,"Praia Ana Carolina Correia, 11",12204-735,RO
Lara Ferreira,698.***.***-75,73,"Rodovia De Fogaça, 96",51730-878,RS
Felipe Freitas,863.***.***-01,100,"Rua Duarte, 85",03399-083,AC
Maysa Pires,852.***.***-11,70,"Sítio Mariana Almeida, 86",09579-357,PR
Letícia Da Mata,308.***.***-31,49,"Aeroporto Da Paz, 54",26750-505,PR
Luigi Cunha,623.***.***-34,93,"Praia Nascimento, 541",52251-024,PA
Lucas Gabriel Gomes,120.***.***-40,21,"Distrito De Cardoso, 24",42222-117,PI
Emanuelly Costela,152.***.***-97,47,"Vale De Vieira, 67",02233-962,PA
Calebe Nascimento,631.***.***-87,86,"Trecho Brenda Ferreira, 25",22650-581,RJ
Juan Pires,139.***.***-46,77,"Avenida De Santos, 89",54483-394,MS
Lívia Costa,582.***.***-50,83,"Loteamento Oliveira, 12",56184-582,AM
Davi Lucas Nunes,679.***.***-03,22,"Vila Viana, 68",01930-898,AM
Dr. Lucca Oliveira,806.***.***-75,90,"Passarela Jesus, 34",90668-539,PB
Eduardo Monteiro,037.***.***-65,63,Viaduto Caldeira,26625-312,PE
Diogo Moraes,571.***.***-52,48,"Sítio Aragão, 73",39221-650,RJ
Felipe Freitas,657.***.***-57,20,Área Gabriela Nascimento,91481-282,RR
Ryan Peixoto,830.***.***-98,28,"Estrada Agatha Correia, 79",53021-431,TO
Otávio Pires,526.***.***-01,27,"Pátio Ribeiro, 33",74852-896,MS
Thiago Moreira,023.***.***-03,62,"Residencial Rebeca Da Paz, 43",11614-338,SC
Pietro Lopes,428.***.***-19,63,"Aeroporto Moura, 81",80405-323,SP
Gabriela Gomes,317.***.***-50,44,"Parque Mariane Araújo, 1",01839-098,RO
João Miguel Viana,183.***.***-77,25,"Estrada De Carvalho, 309",12346-410,DF
Sr. Luiz Henrique Nunes,031.***.***-77,77,"Via Da Cunha, 11",89823-119,TO
Srta. Ana Sophia Viana,937.***.***-68,30,"Rodovia Agatha Cavalcanti, 27",57644-125,AP
Sr. Marcelo Aragão,418.***.***-40,87,Praça Raul Pires,04343-264,TO
Enzo Gabriel Da Mota,018.***.***-24,31,Vila Farias,89867-214,SE
Benjamin Da Rosa,195.***.***-86,100,"Núcleo Maria Luiza Novaes, 100",43844-226,RJ
Ana Rezende,316.***.***-64,70,"Esplanada De Da Cruz, 73",71825-419,PE
Dr. Thomas Dias,267.***.***-03,46,"Jardim Ana Carolina Da Mota, 6",53256-274,AP
Breno Ribeiro,803.***.***-78,40,"Vereda De Costela, 27",07317-531,MG
Lucas Gabriel Novaes,856.***.***-11,43,"Trevo Manuela Jesus, 927",96781-793,SC
Vicente Rodrigues,328.***.***-79,87,"Chácara Cardoso, 14",82122-066,RN
João Lucas Vieira,985.***.***-05,40,"Praça De Oliveira, 35",00397-858,RN
Dr. Luiz Henrique Freitas,951.***.***-88,49,"Residencial Luigi Duarte, 6",80721-305,SC
Dra. Luiza Da Conceição,189.***.***-33,98,"Núcleo De Ferreira, 77",66120-668,PR
Benjamin Cavalcanti,317.***.***-41,27,"Área De Fernandes, 37",93804-699,MT
Murilo Mendes,653.***.***-17,79,"Loteamento Porto, 4",40994-158,SE
Dr. Renan Rezende,609.***.***-38,67,"Área De Ribeiro, 688",53424-631,PR
Maysa Porto,081.***.***-84,70,"Pátio Carlos Eduardo Azevedo, 76",05920-919,RO
Pedro Lucas Pereira,873.***.***-35,85,"Quadra Almeida, 83",47111-767,Desconhecido
Isadora Nogueira,480.***.***-05,51,"Feira Almeida, 72",54779-178,RJ
Gabriel Ramos,591.***.***-05,77,"Viaduto De Freitas, 46",68461-422,TO
Yago Ferreira,531.***.***-00,89,"Ladeira Agatha Almeida, 27",72789-380,RS
Samuel Da Mata,521.***.***-11,22,"Residencial Cavalcanti, 50",42720-953,MG
Sophie Pinto,317.***.***-50,96,"Colônia Bryan Costela, 404",19834-441,SE
Dr. Rafael Souza,436.***.***-07,46,"Rodovia De Moreira, 6",88797-976,AM
Vitor Hugo Lima,450.***.***-80,86,"Esplanada Oliveira, 654",05893-442,PR
Dr. Bernardo Da Cruz,230.***.***-50,22,"Rodovia Thomas Santos, 48",76192-382,AM
Caio Da Cunha,926.***.***-00,95,"Vila Milena Porto, 70",21471-136,RO
Stephany Duarte,642.***.***-46,98,"Lagoa Rebeca Novaes, 77",99459-667,SE
Kevin Da Conceição,074.***.***-94,65,"Núcleo Sales, 59",25075-979,PE
Srta. Giovanna Aragão,142.***.***-17,78,"Feira Sales, 82",14004-925,AL
Pedro Henrique Pinto,653.***.***-37,26,"Colônia De Azevedo, 22",28232-955,Desconhecido
Joaquim Da Cruz,532.***.***-41,32,Alameda Fernandes,47528-909,AM
Leandro Souza,560.***.***-86,31,"Estrada De Castro, 671",70826-740,PI
Beatriz Aragão,805.***.***-04,53,"Trecho Calebe Ferreira, 902",75361-448,AL
Carlos Eduardo Teixeira,546.***.***-98,49,"Chácara João Gabriel Correia, 983",90033-732,ES
Joana Da Rocha,915.***.***-33,47,"Lago Maria Cecília Dias, 93",81757-780,MG
Lucas Gabriel Da Luz,203.***.***-70,20,Via De Santos,16982-254,DF
Davi Lucas Da Costa,502.***.***-52,19,"Viela Mariana Ferreira, 867",41562-571,AL
Henrique Da Rocha,713.***.***-44,35,"Via Caio Carvalho, 11",12395-579,AM
Lorena Fernandes,574.***.***-93,94,Residencial João Guilherme Campos,64575-574,PR
Nathan Nogueira,837.***.***-56,45,"Vereda Jesus, 420",58414-188,DF
Srta. Maysa Rezende,726.***.***-55,83,"Setor De Da Mata, 49",64777-814,PI
Erick Santos,680.***.***-67,44,"Rua Lavínia Da Rosa, 9",34591-588,TO
Agatha Sales,983.***.***-30,93,"Setor De Santos, 49",61014-707,SP
Ana Beatriz Moreira,637.***.***-66,65,"Parque Thomas Nogueira, 74",56064-351,AM
Antônio Da Rocha,943.***.***-23,27,"Viela De Mendes, 45",96236-614,AM
Dra. Vitória Viana,813.***.***-24,84,"Loteamento Barbosa, 28",30505-246,RO
Enzo Monteiro,534.***.***-04,44,"Trevo Barros, 87",32250-516,PR
Bernardo Santos,045.***.***-29,20,"Lagoa Isabella Viana, 20",57396-028,PR
Guilherme Cunha,237.***.***-02,26,"Fazenda Rezende, 619",12171-588,PI
Raul Rodrigues,193.***.***-33,49,Praça Souza,51653-076,SC
Pietra Lima,591.***.***-39,32,"Praça Almeida, 81",89716-066,MT
Camila Barbosa,560.***.***-59,39,"Vila Martins, 7",24755-263,PA
Kaique Almeida,078.***.***-02,69,"Passarela De Pires, 6",60019-193,MS
Antônio Porto,015.***.***-60,89,"Aeroporto Lavínia Porto, 29",62756-069,RR
Alana Rezende,216.***.***-60,72,"Parque De Aragão, 76",02496-655,ES
Vitor Almeida,134.***.***-00,44,"Vale Ramos, 60",30951-261,RR
Isabelly Da Mota,709.***.***-48,77,Loteamento Nascimento,51363-757,PA
Isis Oliveira,893.***.***-87,78,"Esplanada João Guilherme Barbosa, 39",27835-647,AL
Carolina Gomes,845.***.***-28,33,Parque Nascimento,52552-505,AL
Srta. Natália Rodrigues,548.***.***-88,77,"Largo Alves, 654",86331-648,MS
Fernando Ramos,032.***.***-38,52,"Trevo De Azevedo, 36",25527-534,PR
Gabriela Da Cruz,109.***.***-77,28,"Área De Barros, 4",34927-703,Desconhecido
Noah Cavalcanti,273.***.***-60,84,"Setor Arthur Barros, 58",74085-586,MT
Clara Moreira,079.***.***-05,51,"Largo Gomes, 85",12874-488,PB
Laura Araújo,134.***.***-25,55,"Praia Agatha Cardoso, 1",89331-294,PI
Dr. Luiz Otávio Sales,472.***.***-60,79,"Via Novaes, 81",75725-378,MT
Emilly Da Mata,839.***.***-83,90,"Pátio Castro, 51",55241-883,ES
Kevin Rodrigues,086.***.***-50,55,"Campo Lima, 42",56662-295,PE
Davi Pereira,209.***.***-89,61,"Esplanada Rafael Viana, 38",79597-756,MG
Thomas Silva,891.***.***-89,21,"Travessa Beatriz Fogaça, 47",67632-359,RN
Ana Lívia Da Cruz,135.***.***-84,87,"Praça Correia, 3",10967-617,RJ
Sr. Vicente Silveira,318.***.***-57,61,"Viela Maria Cecília Viana, 44",57773-029,PA
Sophie Caldeira,403.***.***-17,37,"Vila Nina Moura, 41",90620-403,PA
Gabriel Costa,930.***.***-34,61,"Núcleo Carvalho, 87",27363-406,PI
Ana Carolina Costa,680.***.***-80,52,"Rodovia De Da Luz, 710",97753-283,RO
Maitê Fogaça,543.***.***-57,27,Residencial Beatriz Lopes,10264-438,RN
Bruna Caldeira,259.***.***-03,69,"Aeroporto De Ferreira, 9",60406-901,AC
Caroline Moura,593.***.***-25,32,"Chácara Da Luz, 27",19292-291,SP
Sra. Ana Júlia Pires,561.***.***-06,48,Núcleo Cardoso,53334-004,TO
Dra. Larissa Fernandes,503.***.***-51,44,"Residencial De Ribeiro, 11",31387-267,GO
Rodrigo Da Luz,416.***.***-61,33,"Aeroporto De Campos, 63",23280-868,PB
Carlos Eduardo Barros,730.***.***-70,33,Loteamento De Rodrigues,06586-958,GO
Ana Laura Silva,047.***.***-66,52,"Vale Pinto, 70",62764-552,PI
Maitê Nogueira,517.***.***-06,67,"Vale Costela, 5",96135-251,SP
Ana Laura Da Luz,681.***.***-90,81,"Jardim De Barros, 111",35595-078,TO
Sra. Brenda Viana,154.***.***-01,77,"Pátio Da Rocha, 793",94599-043,ES
Augusto Teixeira,360.***.***-47,95,"Setor Samuel Porto, 99",86695-066,AM
Dr. Francisco Lima,318.***.***-70,66,"Via Diego Lima, 60",23453-385,AP
Isaac Da Luz,293.***.***-83,76,"Área João Lucas Lima, 997",29475-280,RO
Calebe Jesus,068.***.***-00,47,"Praia Vitor Gabriel Cunha, 89",76769-266,SC
Kevin Melo,786.***.***-22,59,Viaduto Juliana Nogueira,27312-378,Desconhecido
Pedro Miguel Peixoto,079.***.***-68,50,"Passarela Moura, 85",97660-932,DF
Gabrielly Almeida,498.***.***-00,30,"Condomínio De Sales, 62",26536-770,PB
Murilo Correia,197.***.***-93,34,"Estação De Ribeiro, 893",70649-126,SP
Matheus Dias,156.***.***-53,83,Endereco Invalido,,Desconhecido
Stella Cardoso,798.***.***-39,57,"Estrada Ana Ramos, 10",28462-177,GO
Marcela Barbosa,509.***.***-66,62,"Estação De Azevedo, 639",95402-652,MS
Ana Carolina Pires,612.***.***-06,89,"Viaduto Eduarda Pinto, 76",59415-989,RS
Helena Aragão,791.***.***-23,85,Morro Lavínia Almeida,86630-979,AP
João Gabriel Oliveira,496.***.***-09,97,"Travessa Oliveira, 28",46483-592,MA
Maria Cecília Vieira,491.***.***-64,89,"Conjunto De Souza, 842",42034-714,TO
Lorena Rodrigues,461.***.***-90,46,"Quadra De Fogaça, 57",66845-310,PE
Nicolas Cunha,873.***.***-53,71,"Estrada De Carvalho, 52",52805-087,GO
Vitor Hugo Ramos,485.***.***-06,31,"Travessa Melo, 5",66489-954,ES
Luigi Aragão,704.***.***-74,41,"Largo De Rodrigues, 19",45308-605,DF
Maria Julia Barros,123.***.***-77,51,Área Nogueira,33583-693,PE
Luiz Gustavo Silveira,178.***.***-03,94,Estação Mendes,63789-623,PR
Ana Júlia Fernandes,795.***.***-76,98,"Passarela De Carvalho, 69",30963-058,SE
Luiz Miguel Novaes,754.***.***-28,27,"Morro De Nascimento, 17",45908-211,MG
Gabriel Santos,142.***.***-30,22,"Largo Viana, 3",88329-854,PE
Srta. Sophie Vieira,624.***.***-17,73,"Loteamento De Viana, 65",74866-542,PI
Júlia Cardoso,482.***.***-02,89,"Feira Gustavo Nascimento, 911",13255-925,RS
Dra. Gabriela Jesus,846.***.***-40,50,Vereda Cunha,23769-849,ES
Dr. João Gabriel Correia,038.***.***-08,50,"Aeroporto Augusto Das Neves, 847",14413-023,TO
Luiz Gustavo Jesus,625.***.***-02,100,"Feira Fogaça, 914",04874-947,PI
Rodrigo Ferreira,527.***.***-49,56,"Estação Moraes, 13",16880-467,MG
Alícia Ribeiro,514.***.***-94,93,"Feira Maria Julia Costela, 21",15900-292,MG
Sr. André Da Mata,169.***.***-15,68,"Loteamento De Lima, 16",30306-177,SE
Srta. Maria Julia Campos,245.***.***-55,65,"Rodovia Pires, 57",77231-854,SP
João Gabriel Ferreira,018.***.***-03,95,Pátio Carvalho,20761-463,AP
Thomas Moraes,291.***.***-05,61,"Parque Melo, 462",72257-447,GO
Clara Melo,860.***.***-57,63,"Alameda Vitor Gabriel Lopes, 52",39505-792,MS
Luigi Cavalcanti,078.***.***-50,35,"Campo De Campos, 83",47518-448,RN
Dra. Stella Da Costa,340.***.***-51,54,"Passarela Oliveira, 48",65901-774,RO
Isabella Da Paz,289.***.***-65,81,"Via Letícia Nunes, 280",23682-395,AL
Enzo Da Rocha,874.***.***-13,44,"Travessa Ribeiro, 92",41498-699,GO
Olivia Fernandes,016.***.***-48,52,"Conjunto Eduardo Da Paz, 2",57205-706,AP
André Da Mata,648.***.***-08,39,"Feira Clara Lima, 5",97223-857,MA
Pedro Henrique Cavalcanti,938.***.***-86,79,"Núcleo De Rocha, 9",85502-689,SP
Joaquim Silveira,671.***.***-12,22,"Vila De Freitas, 80",64429-208,AC
Mirella Rodrigues,216.***.***-94,48,"Fazenda De Lima, 95",24075-695,RJ
Sra. Isabelly Azevedo,087.***.***-76,75,"Ladeira Caldeira, 5",30774-845,AC
Dr. Samuel Ferreira,720.***.***-87,36,"Travessa Ana Lívia Da Mata, 63",52820-362,ES
Otávio Carvalho,643.***.***-90,89,"Residencial Costa, 9",93834-094,SE
Dra. Stephany Da Mota,154.***.***-51,26,"Colônia Monteiro, 49",08852-447,MT
Cauê Mendes,152.***.***-44,32,"Lagoa Das Neves, 36",29562-910,Desconhecido
Alexandre Nunes,496.***.***-33,53,"Esplanada Souza, 437",13558-006,MG
Maria Fernanda Aragão,372.***.***-53,69,"Favela De Carvalho, 28",78293-561,RS
João Guilherme Silva,820.***.***-30,74,"Praça Caroline Almeida, 19",43369-846,DF
Lorena Rezende,753.***.***-95,74,"Lagoa De Fogaça, 92",50346-679,MG
Maria Sophia Da Cruz,690.***.***-34,70,"Vale Ana Julia Porto, 19",44810-914,MG
Milena Das Neves,685.***.***-89,95,"Residencial De Cunha, 20",00664-725,PB
Kamilly Da Cunha,520.***.***-80,67,"Travessa Lucca Carvalho, 38",73024-753,RO
Luiz Miguel Aragão,937.***.***-12,55,Aeroporto Ana Clara Oliveira,32077-320,AM
Ana Laura Ribeiro,754.***.***-47,39,"Praia De Da Mata, 18",06677-252,RJ
Lorena Da Mota,162.***.***-90,58,"Favela De Azevedo, 62",03359-507,MA
Emanuella Souza,617.***.***-07,80,"Loteamento Ferreira, 493",76527-079,PI
Cecília Pinto,498.***.***-30,26,"Campo Vinicius Campos, 2",98574-475,MG
Pedro Henrique Cunha,584.***.***-00,46,"Condomínio Bruna Mendes, 55",35084-954,Desconhecido
Sra. Eloah Da Mota,901.***.***-03,34,"Loteamento Freitas, 30",60294-574,SP
Samuel Da Rocha,159.***.***-97,23,"Trecho De Freitas, 8",52726-355,TO
Melissa Almeida,705.***.***-92,66,"Alameda De Da Rosa, 2",19976-771,PE
Carlos Eduardo Da Mota,894.***.***-20,100,"Largo Juliana Barbosa, 182",78949-350,RN
Dr. Vitor Da Mota,789.***.***-28,50,Viela De Da Paz,66289-973,PE
Dr. Diogo Costela,962.***.***-73,37,"Passarela João Lucas Nogueira, 753",30597-524,PE
Rafaela Rodrigues,578.***.***-60,82,"Campo Vinicius Silva, 27",89600-340,AC
Vitor Hugo Da Conceição,716.***.***-55,27,"Viaduto De Castro, 65",59934-260,RR
Ana Laura Caldeira,518.***.***-73,52,"Estrada De Rocha, 305",66547-572,PE
Dra. Laura Silveira,472.***.***-49,96,"Pátio Lopes, 1",21960-284,AM
Sr. Rafael Pereira,492.***.***-79,87,"Recanto Gustavo Pereira, 77",41583-781,PE
Manuela Mendes,518.***.***-60,33,"Largo Kevin Barbosa, 2",11922-167,MG
Igor Lopes,073.***.***-22,31,Recanto Azevedo,93763-674,Desconhecido
Marcelo Moreira,346.***.***-87,51,"Trecho Igor Barros, 77",03314-220,ES
Thomas Costela,428.***.***-22,95,Alameda De Pinto,23210-876,RS
Luiz Otávio Gonçalves,637.***.***-90,65,"Trevo Rezende, 51",18388-150,MG
Stella Da Costa,063.***.***-07,55,"Estação De Freitas, 32",14711-167,RR
Luana Da Cruz,083.***.***-86,31,Distrito Rocha,87202-478,Desconhecido
Maria Cecília Lima,132.***.***-89,29,"Recanto Silveira, 47",47019-155,ES
Melissa Teixeira,642.***.***-78,72,"Residencial De Pires, 28",90058-265,RS
Dr. Vinicius Pires,163.***.***-10,39,"Distrito De Lopes, 397",64452-311,MS
Luiz Miguel Farias,962.***.***-00,89,"Feira Cardoso, 21",66461-182,RN
Breno Correia,148.***.***-67,42,"Conjunto Daniel Fernandes, 403",71034-367,GO
Laís Costela,306.***.***-53,59,"Parque Maitê Santos, 42",72176-802,RS
Dr. Diego Da Mata,293.***.***-41,21,"Quadra De Da Mota, 62",27102-258,MG
Letícia Da Mota,852.***.***-02,32,"Viaduto Jesus, 11",20417-169,DF
Luna Ferreira,843.***.***-14,55,"Alameda Anthony Fogaça, 11",77508-379,RS
Dr. Emanuel Silveira,430.***.***-80,31,"Quadra De Fogaça, 28",51254-681,PI
Lorena Sales,263.***.***-15,45,Fazenda Caldeira,32090-552,AM
Davi Da Mata,846.***.***-39,56,Vila Alves,71862-679,DF
Isabel Melo,748.***.***-09,76,"Feira Enrico Nogueira, 1",30458-005,PB
Raul Oliveira,298.***.***-64,94,"Rua Pedro Miguel Da Luz, 95",81008-796,PA
Levi Da Mata,192.***.***-32,62,Vila De Da Mata,25940-946,Desconhecido
Heloísa Castro,587.***.***-44,64,"Sítio De Cardoso, 88",38458-223,RS
Sra. Júlia Da Paz,046.***.***-74,39,"Jardim Maria Sophia Ferreira, 95",26195-069,Desconhecido
Luana Viana,213.***.***-21,27,"Praça De Castro, 980",34433-095,SE
Sr. Renan Sales,364.***.***-83,24,"Praça Olivia Silveira, 49",30053-926,AC
Caio Aragão,714.***.***-62,24,"Área De Barros, 86",10087-478,RN
Srta. Lavínia Ribeiro,263.***.***-51,77,"Alameda Gustavo Henrique Gonçalves, 50",29914-020,RJ
Sofia Da Mata,806.***.***-84,23,"Jardim De Lopes, 7",72162-664,AM
André Araújo,819.***.***-13,45,"Alameda De Da Mota, 94",67514-889,Desconhecido
Nathan Azevedo,285.***.***-82,86,"Lagoa Milena Ramos, 4",27571-728,AM
Camila Teixeira,982.***.***-40,48,"Setor Da Cunha, 39",78862-288,RJ
Srta. Clara Souza,510.***.***-71,26,"Área Peixoto, 32",00101-655,SE
Yuri Nascimento,129.***.***-73,58,"Vereda Matheus Azevedo, 2",64023-772,AC
Srta. Marcela Gonçalves,148.***.***-87,85,"Praia Raul Campos, 12",48882-013,Desconhecido
João Ramos,936.***.***-87,51,"Jardim Enzo Da Paz, 47",27148-341,PR
Renan Rocha,720.***.***-92,44,"Vale Oliveira, 22",87931-582,RS
Sr. Caio Souza,453.***.***-33,52,"Conjunto Maria Vitória Da Cunha, 59",73310-638,MG
Clarice Farias,743.***.***-22,56,"Alameda Maria Fernanda Castro, 87",46556-077,PI
Marcos Vinicius Jesus,597.***.***-00,74,"Praça De Moraes, 588",32071-661,PA
João Pedro Nunes,910.***.***-42,36,"Jardim De Ramos, 69",22927-152,PA
Levi Farias,659.***.***-52,47,"Quadra Mendes, 42",14608-340,GO
Dr. Enzo Da Costa,791.***.***-75,42,"Campo Marcela Silveira, 66",06681-952,AM
Heloísa Alves,029.***.***-79,88,"Fazenda De Moraes, 637",54488-894,PR
Luiz Henrique Da Mota,842.***.***-91,21,"Recanto Alves, 105",04473-467,RR
Camila Caldeira,903.***.***-03,56,"Lago Jesus, 71",96443-895,MA
Arthur Mendes,918.***.***-05,51,Esplanada Cauã Teixeira,82077-031,SP
João Felipe Campos,362.***.***-06,55,"Praia Heitor Castro, 6",74490-880,MS
Guilherme Azevedo,174.***.***-16,62,"Viela Benjamin Campos, 1",36240-367,Desconhecido
Dra. Laura Cunha,364.***.***-50,47,"Núcleo Castro, 7",76215-850,Desconhecido
Noah Moraes,108.***.***-12,56,"Estrada Lucas Gabriel Caldeira, 856",66574-452,MG
Davi Lucca Lopes,260.***.***-90,34,"Trecho Freitas, 427",16352-238,AP
Sophia Da Cruz,621.***.***-15,40,Via Ribeiro,85013-933,PR
Igor Da Luz,740.***.***-85,48,"Lago Silva, 75",67901-491,AC
Dr. Samuel Nascimento,692.***.***-73,87,"Travessa Duarte, 59",48304-188,RO
Maria Fernanda Freitas,968.***.***-28,68,Favela Sarah Porto,82565-112,DF
Eduarda Costa,206.***.***-68,29,"Morro Enzo Gabriel Teixeira, 84",35827-828,RS
Lorenzo Monteiro,069.***.***-20,45,"Área Da Mota, 13",62104-258,AP
Caroline Cardoso,618.***.***-17,53,"Viaduto De Moreira, 1",02303-138,DF
Henrique Da Rocha,329.***.***-99,22,"Núcleo Luiz Gustavo Costela, 99",43635-569,SE
Lucas Gabriel Oliveira,743.***.***-38,53,Via Araújo,08165-622,SE
Sr. Arthur Jesus,418.***.***-93,98,Lago De Cardoso,78099-314,MG
Marcos Vinicius Da Cunha,572.***.***-43,49,Viaduto De Cardoso,16426-137,PA
Antônio Nogueira,061.***.***-71,21,"Quadra De Da Mata, 49",00289-438,MT
Sophia Monteiro,601.***.***-15,91,"Núcleo Araújo, 155",82317-263,PA
Dr. Leandro Silva,497.***.***-85,58,"Estação Silva, 18",11636-951,AM
Amanda Farias,185.***.***-08,100,"Praia Lavínia Moraes, 29",41571-037,RJ
Srta. Luna Peixoto,912.***.***-23,55,"Fazenda Rafaela Costela, 37",52291-254,Desconhecido
Sr. Igor Campos,183.***.***-62,56,"Fazenda Ferreira, 849",49587-081,AP
Maria Sophia Correia,948.***.***-75,100,"Residencial Alana Dias, 51",01961-759,TO
Bruno Da Cruz,293.***.***-73,24,"Rua Evelyn Da Cunha, 2",88048-422,ES
Amanda Cavalcanti,351.***.***-00,57,"Fazenda De Duarte, 99",38375-389,AC
Bruno Melo,721.***.***-52,59,"Trevo De Da Costa, 7",45022-514,AC
Dra. Elisa Nunes,875.***.***-05,36,"Vale Erick Moreira, 48",07868-934,AP
Calebe Ramos,942.***.***-40,61,"Parque De Moraes, 36",82171-525,TO
Sr. Arthur Moraes,306.***.***-87,82,"Passarela Lima, 87",09721-169,RJ
Júlia Silveira,913.***.***-57,75,Pátio Vitor Gabriel Rocha,91484-973,SC
Sra. Isabelly Silva,732.***.***-00,35,"Rodovia Agatha Lopes, 7",31198-992,DF
Dr. Otávio Azevedo,457.***.***-30,81,"Aeroporto De Ferreira, 2",28302-071,Desconhecido
Maria Cecília Aragão,264.***.***-49,100,"Trevo Aragão, 535",51800-056,GO
Noah Da Rosa,742.***.***-22,60,"Avenida Ferreira, 7",17090-502,DF
Sra. Laura Azevedo,540.***.***-71,39,Viaduto Marcelo Ramos,53602-558,SP
Dr. Francisco Moreira,702.***.***-08,25,"Núcleo Silva, 7",74430-032,Desconhecido
Mariane Das Neves,912.***.***-05,45,"Rodovia De Freitas, 782",53886-812,SC
Enzo Monteiro,309.***.***-56,35,"Quadra Silveira, 76",90482-858,MG
Diego Da Rocha,093.***.***-83,37,"Conjunto Da Rosa, 22",13568-214,MS
Ana Laura Da Cruz,798.***.***-49,88,Parque Rodrigues,99639-698,RO
Ana Sophia Gomes,384.***.***-46,45,"Lagoa Porto, 44",73111-211,GO
Ana Laura Costa,502.***.***-85,54,"Vila Sales, 913",24276-968,SP
Felipe Souza,187.***.***-84,56,"Setor Peixoto, 47",57575-529,SE
Luana Novaes,287.***.***-87,80,"Parque Luiz Gustavo Da Conceição, 34",94925-425,RS
Sra. Yasmin Nogueira,360.***.***-15,49,"Lago De Rocha, 482",74471-918,PE
Benício Melo,904.***.***-67,23,Recanto Maitê Pereira,94645-027,DF
Daniela Aragão,726.***.***-53,60,"Feira Otávio Pereira, 93",78140-773,RR
Davi Luiz Sales,740.***.***-13,45,"Trecho João Gabriel Pires, 64",61230-820,RS
Milena Souza,904.***.***-70,87,"Praça De Ribeiro, 9",38053-049,SP
Maria Eduarda Ferreira,438.***.***-60,75,Passarela De Caldeira,50710-500,AP
Sr. Diogo Lima,302.***.***-00,31,Estrada Danilo Monteiro,38793-887,Desconhecido
Dr. Carlos Eduardo Araújo,496.***.***-47,41,"Rodovia Sophia Rodrigues, 88",76814-388,RR
Marina Gomes,934.***.***-00,99,Lagoa Souza,16768-543,ES
Gustavo Henrique Duarte,254.***.***-60,25,"Área Ana Sophia Pereira, 32",69026-029,TO
Caio Ramos,832.***.***-73,29,"Viaduto De Sales, 92",13458-643,AL
Rafael Nunes,462.***.***-19,90,"Núcleo Monteiro, 504",15990-096,TO
Enzo Gabriel Cardoso,726.***.***-67,38,Núcleo Ribeiro,13917-300,PE
Davi Cardoso,065.***.***-90,19,"Praça Ana Júlia Rezende, 38",41709-963,PA
Daniel Pires,274.***.***-47,41,"Avenida Bruna Rodrigues, 724",12678-518,ES
Brenda Da Mata,532.***.***-19,45,"Pátio Rocha, 75",43098-627,AC
Samuel Dias,852.***.***-24,40,"Viaduto Enzo Gabriel Moreira, 72",01069-636,Desconhecido
Gustavo Henrique Da Costa,917.***.***-50,20,"Residencial Ribeiro, 60",74294-090,RO
Theo Fogaça,091.***.***-05,49,"Travessa Cardoso, 95",42836-344,MT
Sra. Alexia Carvalho,483.***.***-71,25,Quadra Lorenzo Pires,03485-618,AC
Juliana Martins,432.***.***-56,86,Campo De Souza,04692-667,RR
Luiz Gustavo Da Rosa,280.***.***-97,87,"Via De Da Paz, 5",30465-337,AL
Gabriela Freitas,367.***.***-26,31,"Trevo Carvalho, 9",40077-715,Desconhecido
Enzo Gabriel Vieira,812.***.***-76,23,Travessa Novaes,29032-951,TO
Srta. Luna Nascimento,815.***.***-60,71,"Passarela De Nascimento, 916",86360-200,AL
Sophie Da Mata,971.***.***-97,72,"Avenida De Almeida, 78",41400-947,AL
Clarice Alves,973.***.***-65,24,Avenida Heloísa Costa,54742-254,AC
Catarina Rodrigues,138.***.***-84,85,"Núcleo Farias, 97",55915-124,RR
Antônio Vieira,017.***.***-53,90,"Favela De Lopes, 473",41398-890,PR
Dr. Nicolas Da Conceição,105.***.***-80,27,"Quadra Mariana Costela, 87",64615-642,Desconhecido
Maria Alice Da Costa,290.***.***-92,89,"Rua Cardoso, 76",25842-688,MA
Sr. Lucca Martins,906.***.***-70,57,"Pátio Paulo Da Rosa, 93",57898-196,TO
João Pedro Costa,532.***.***-41,70,Feira Cardoso,88969-195,RN
Maitê Gonçalves,034.***.***-20,98,"Distrito Giovanna Rodrigues, 37",62839-349,PR
Ana Laura Ferreira,326.***.***-74,73,Estrada De Ramos,28169-898,RO
Sabrina Da Mata,172.***.***-02,31,"Viela De Moraes, 56",42762-903,MS
Alexandre Das Neves,183.***.***-24,95,"Área De Novaes, 52",66232-412,ES
Isadora Da Cunha,471.***.***-31,55,"Viaduto Freitas, 622",10686-144,PE
Dr. Luigi Fernandes,834.***.***-55,74,"Distrito Thomas Pires, 77",44279-855,MT
Sr. Yago Cavalcanti,758.***.***-05,94,Estrada Melo,33664-610,AM
Carolina Peixoto,396.***.***-96,64,"Loteamento Dias, 21",82741-936,RN
Ana Lívia Porto,067.***.***-44,75,"Colônia Vieira, 6",96648-865,SE
Henrique Da Mata,896.***.***-74,34,"Aeroporto Vinicius Rezende, 18",55527-291,PR
Enrico Aragão,490.***.***-75,94,"Praça Almeida, 95",69709-867,AP
Milena Cavalcanti,523.***.***-70,27,"Trecho Kevin Castro, 70",98131-993,PR
Davi Lucca Melo,731.***.***-14,97,"Passarela Kamilly Moreira, 704",41864-156,SP
Clarice Fernandes,192.***.***-73,88,"Vereda Jesus, 7",50230-404,SP
Dr. Luiz Fernando Das Neves,146.***.***-37,59,"Viaduto De Martins, 24",55987-196,RO
Caio Azevedo,428.***.***-82,74,"Largo Cardoso, 23",29717-727,AL
Enrico Novaes,457.***.***-38,75,"Vila Heloísa Barbosa, 666",19537-340,RN
Ana Clara Moreira,075.***.***-53,89,Residencial De Aragão,91004-368,SC
Enrico Ribeiro,965.***.***-66,27,"Loteamento Lopes, 2",54279-721,Desconhecido
Evelyn Aragão,548.***.***-07,87,"Estrada Rebeca Caldeira, 440",11027-170,GO
Thales Moreira,406.***.***-07,64,Quadra Farias,71294-724,RO
Heitor Mendes,097.***.***-61,57,Lagoa De Farias,86838-429,AL
Sarah Nascimento,938.***.***-10,42,"Largo De Da Costa, 400",20608-388,Desconhecido
Sra. Yasmin Melo,510.***.***-49,19,"Loteamento Almeida, 821",15401-946,TO
Sr. Marcelo Costela,895.***.***-38,25,"Chácara Clarice Da Costa, 135",90569-230,Desconhecido
Maria Cecília Araújo,752.***.***-52,77,"Distrito Nathan Melo, 3",45685-584,PA
Enzo Gabriel Ribeiro,965.***.***-02,64,"Recanto Nunes, 87",40623-455,AP
Miguel Da Rosa,168.***.***-03,45,"Esplanada Carvalho, 8",43997-378,Desconhecido
Maria Vitória Ferreira,914.***.***-69,25,"Lago Lima, 6",64509-958,SP
Sr. Vitor Gabriel Gomes,348.***.***-60,49,"Vale Costela, 49",14400-610,MT
Bianca Pinto,541.***.***-06,82,"Lagoa Sales, 43",48899-443,AL
Igor Melo,519.***.***-39,98,Viaduto Nogueira,13502-920,RO
Sra. Vitória Carvalho,528.***.***-38,36,"Jardim Fernanda Moura, 767",32504-010,AM
Sofia Duarte,412.***.***-28,20,"Morro Isaac Freitas, 543",97116-686,RR
Brenda Nogueira,160.***.***-33,57,"Pátio De Almeida, 4",08990-015,TO
Rafael Fogaça,569.***.***-68,94,"Setor De Da Rosa, 401",61631-368,SP
Ana Nascimento,295.***.***-61,73,"Chácara De Martins, 14",72885-747,RN
Dr. Juan Da Rocha,475.***.***-80,76,"Ladeira De Da Mota, 16",67696-414,MT
Ana Laura Rocha,531.***.***-70,33,"Sítio Thomas Rodrigues, 41",21922-138,AL
Maria Alice Da Rocha,906.***.***-22,91,"Travessa De Correia, 46",34453-251,AC
Elisa Lopes,790.***.***-30,,Passarela Alexandre Da Cunha,15467-423,RR
Davi Lucca Pereira,597.***.***-60,71,"Jardim De Barros, 16",19490-812,Desconhecido
Marina Fogaça,410.***.***-20,63,"Praça Luiz Henrique Correia, 81",57294-260,PE
Bernardo Ramos,105.***.***-98,82,"Lagoa Luiza Gonçalves, 979",04066-541,SE
Ana Lívia Lopes,971.***.***-02,65,"Parque De Barbosa, 57",16750-400,GO
Miguel Silva,920.***.***-00,41,"Ladeira Das Neves, 9",61985-548,PE
Sr. Arthur Da Cruz,693.***.***-38,84,Lago De Cavalcanti,10086-430,TO
Julia Da Mota,571.***.***-20,76,"Feira Nogueira, 68",23309-816,TO
Agatha Rocha,853.***.***-30,54,Setor De Dias,48841-767,RS
Isabel Cardoso,608.***.***-40,97,"Campo Da Mata, 42",65731-340,MG
Marcos Vinicius Moura,451.***.***-19,65,"Parque Dias, 687",49685-024,PR
Levi Da Cunha,718.***.***-75,100,"Colônia De Viana, 6",67120-856,SE
Cauã Vieira,427.***.***-61,77,Via Da Mata,38006-140,RO
Maria Alice Ferreira,105.***.***-80,39,"Praça De Duarte, 194",14287-231,MT
Dra. Isabelly Souza,725.***.***-30,35,"Campo De Moura, 60",96794-431,RN
Heitor Rezende,174.***.***-39,73,"Área Duarte, 628",02753-538,RR
Maria Vitória Jesus,493.***.***-70,48,"Sítio De Moura, 13",39110-733,RS
Emanuel Duarte,762.***.***-76,22,"Rua De Fogaça, 71",35703-947,AM
Ian Lima,163.***.***-66,88,"Rua De Martins, 9",15652-188,AC
Vitor Alves,687.***.***-22,29,"Esplanada Ana Laura Oliveira, 667",79395-958,DF
Rafael Ramos,946.***.***-84,71,"Esplanada Almeida, 4",39123-310,PR
Ryan Da Cunha,412.***.***-52,88,Morro De Cardoso,49627-572,GO
Maria Da Cunha,539.***.***-06,79,Residencial De Duarte,83800-181,PE
Srta. Milena Cardoso,832.***.***-40,67,"Praça Almeida, 71",13730-300,RJ
Bryan Ramos,043.***.***-89,31,"Praia Costa, 35",29456-317,GO
Luigi Santos,273.***.***-52,38,"Via Luigi Peixoto, 61",48847-273,AP
Isabella Duarte,023.***.***-17,44,"Estrada Diogo Da Mata, 91",89436-034,PI
Sophie Azevedo,214.***.***-49,99,"Rua Kaique Freitas, 8",75626-745,RR
Matheus Carvalho,592.***.***-09,61,Viela De Almeida,65843-844,RN
Júlia Da Cruz,714.***.***-39,95,Lagoa João Pedro Alves,30340-295,PB
Vitor Peixoto,489.***.***-06,77,"Trevo De Cardoso, 40",22565-264,RS
Amanda Castro,305.***.***-41,45,"Favela Erick Pereira, 672",16489-668,AM
Lucas Lima,240.***.***-01,93,"Vale Igor Castro, 928",19728-761,Desconhecido
Raquel Ramos,052.***.***-25,68,"Vereda De Costa, 27",11830-634,RN
Dra. Rebeca Nascimento,431.***.***-37,84,"Residencial Nogueira, 954",79622-042,PB
Theo Da Conceição,846.***.***-46,30,"Fazenda Maria Ribeiro, 81",48192-917,SE
Thiago Da Cunha,631.***.***-24,92,"Viela De Aragão, 291",68336-231,RJ
Davi Lucas Moreira,169.***.***-02,60,"Estrada De Da Costa, 92",01699-471,PA
Helena Costela,950.***.***-68,29,"Colônia De Fogaça, 78",63760-406,AC
Beatriz Peixoto,243.***.***-96,82,"Campo De Moura, 904",12573-093,PE
Luigi Fernandes,846.***.***-20,49,"Estação Igor Cunha, 21",56540-380,PB
Gabrielly Almeida,831.***.***-14,67,"Estrada Da Conceição, 23",00460-397,MS
Samuel Sales,439.***.***-55,77,"Morro De Costela, 73",54910-873,MG
Dr. Otávio Costa,095.***.***-59,38,"Chácara Da Conceição, 2",64511-082,Desconhecido
Srta. Ana Beatriz Da Mata,429.***.***-67,92,"Feira De Martins, 79",46900-111,PA
João Rodrigues,594.***.***-76,26,"Colônia Duarte, 56",09414-573,PE
Nathan Farias,521.***.***-32,40,"Travessa Joana Gonçalves, 44",43222-218,AL
Dr. Rafael Pereira,581.***.***-55,58,"Sítio Isis Campos, 81",70530-763,AC
Júlia Pereira,871.***.***-12,30,Lagoa Santos,36901-640,MT
Dra. Laura Barbosa,031.***.***-04,68,"Ladeira De Moura, 84",58827-544,RR
Juliana Pinto,385.***.***-93,72,"Rodovia Sales, 21",79051-262,PI
Joana Monteiro,138.***.***-39,56,"Parque De Costela, 668",24355-112,TO
Dr. Yago Da Rocha,698.***.***-28,77,"Fazenda Cavalcanti, 859",69950-997,MT
Miguel Nogueira,869.***.***-22,58,Quadra De Ferreira,49974-369,PI
Isadora Da Rocha,725.***.***-70,96,"Via Igor Da Mata, 81",85218-769,ES
Clara Costela,380.***.***-50,83,"Trevo João Pedro Araújo, 7",68500-851,DF
Dr. Enzo Gabriel Rocha,473.***.***-61,63,"Condomínio Da Cunha, 4",30425-743,PA
Maysa Monteiro,615.***.***-44,95,"Parque Henrique Teixeira, 32",57134-822,RR
Maria Alice Da Rosa,710.***.***-66,31,"Vereda Silveira, 8",17672-142,RR
Maysa Lopes,196.***.***-76,62,"Avenida De Araújo, 28",01624-960,RS
Srta. Yasmin Jesus,586.***.***-44,93,"Fazenda Letícia Costela, 6",61073-640,AM
Mariana Costela,372.***.***-00,40,"Campo Peixoto, 75",20101-298,SC
Clara Almeida,842.***.***-92,36,"Parque Eloah Costa, 91",63810-102,RS
Sofia Aragão,687.***.***-08,37,"Rua De Santos, 955",57866-655,RS
Elisa Barros,546.***.***-20,28,"Estrada Sales, 13",75253-131,RN
Joana Silva,349.***.***-57,26,Chácara Miguel Fogaça,52800-515,PE
Lorenzo Porto,812.***.***-13,65,"Avenida De Araújo, 1",80268-064,GO
Vitória Barbosa,583.***.***-77,49,"Vale De Monteiro, 267",18778-381,ES
Alícia Da Rosa,035.***.***-51,85,"Trecho Luana Barros, 338",59886-064,MG
Lucas Monteiro,739.***.***-75,99,"Parque Enzo Almeida, 62",40855-025,AC
Rodrigo Caldeira,816.***.***-37,48,Condomínio Joana Lima,68175-021,MT
Luna Rezende,456.***.***-57,53,"Esplanada Matheus Da Costa, 90",45629-272,RN
Diogo Rezende,680.***.***-24,82,"Residencial Novaes, 84",20541-475,PI
Anthony Da Costa,805.***.***-21,66,"Praia Ian Da Mota, 383",10778-914,RO
Maria Cecília Vieira,716.***.***-55,60,Rodovia Emanuel Da Cruz,55412-380,PE
Sra. Maria Julia Novaes,019.***.***-01,44,"Ladeira Da Cruz, 635",88216-574,Desconhecido
João Pedro Peixoto,243.***.***-55,65,"Trecho Cavalcanti, 3",20198-027,PR
Alana Fernandes,198.***.***-09,48,"Estação Rocha, 975",56651-581,SC
Sra. Mirella Rezende,247.***.***-50,51,"Vale De Cavalcanti, 98",39064-438,ES
Gabrielly Moreira,608.***.***-62,54,"Lago Caldeira, 363",77549-927,AM
Sra. Sofia Souza,605.***.***-48,92,"Vila Gomes, 366",76107-117,PB
Mariane Melo,735.***.***-77,76,"Rodovia Ana Beatriz Cardoso, 97",35020-490,PR
Lorena Souza,048.***.***-49,38,"Vereda Sales, 83",23049-591,AL
Fernando Da Mata,280.***.***-08,28,"Ladeira Clara Da Cruz, 37",12075-780,PB
Laura Cardoso,821.***.***-17,31,"Setor De Costa, 1",31050-205,ES
Marina Da Cruz,724.***.***-26,52,"Avenida Castro, 718",39257-743,PE
Maria Rocha,163.***.***-03,41,"Recanto Isabel Da Conceição, 6",17777-517,RS
Pedro Henrique Almeida,318.***.***-57,47,"Núcleo De Rodrigues, 95",67632-408,AM
Dr. Davi Luiz Nunes,604.***.***-16,90,"Setor De Barros, 58",24854-759,SP
Vitor Gabriel Costela,175.***.***-43,58,"Praia Pietra Caldeira, 60",60413-374,GO
Dr. Luigi Barbosa,641.***.***-39,100,"Quadra Yasmin Caldeira, 4",37428-997,PE
Rodrigo Azevedo,687.***.***-75,24,Praia De Nogueira,47799-937,ES
Pedro Henrique Cardoso,324.***.***-04,52,"Rua De Castro, 65",53839-720,PA
Sr. João Cardoso,032.***.***-74,20,"Pátio Antônio Da Mota, 79",80967-589,PR
Maria Julia Nunes,381.***.***-35,78,Setor De Ferreira,53700-673,RN
Fernanda Duarte,453.***.***-15,24,"Vereda Da Rocha, 6",97565-092,MA
Marcos Vinicius Oliveira,280.***.***-95,82,"Parque De Azevedo, 8",23921-386,AL
Leandro Aragão,124.***.***-32,,"Campo Gabriela Rodrigues, 9",67344-423,AC
Maria Alice Vieira,832.***.***-44,70,"Via Nogueira, 82",03233-852,SE
Ana Luiza Jesus,541.***.***-91,67,Endereco Invalido,,Desconhecido
Guilherme Cardoso,197.***.***-21,73,"Trevo Nicole Da Cruz, 7",11509-884,RS
Luiz Felipe Azevedo,439.***.***-52,50,"Campo Erick Fernandes, 464",76887-327,AC
Nathan Araújo,813.***.***-89,62,Quadra De Martins,23016-369,AM
Clara Ferreira,467.***.***-28,80,"Fazenda De Ferreira, 76",54239-086,MS
Felipe Da Mata,634.***.***-69,87,"Estrada Gabrielly Rocha, 634",95202-077,PA
Enzo Gabriel Azevedo,789.***.***-48,69,"Estação Cardoso, 175",09804-148,SC
Maitê Barbosa,231.***.***-07,22,"Estrada Duarte, 37",24369-771,MS
Srta. Isis Da Cruz,073.***.***-78,90,"Praia Moreira, 20",94716-893,TO
Otávio Da Mata,835.***.***-29,53,"Largo De Da Cruz, 431",02714-780,TO
Sophie Castro,165.***.***-09,42,"Trevo De Moraes, 78",45125-491,TO
Diogo Da Cunha,263.***.***-60,35,"Distrito Kaique Costa, 17",46996-567,RJ
Benício Fernandes,389.***.***-77,32,"Condomínio Da Cunha, 964",67255-410,ES
João Pedro Silva,523.***.***-06,46,"Praia De Almeida, 38",54576-192,MG
Heloísa Cunha,260.***.***-83,22,"Aeroporto Santos, 94",41937-961,PI
Bruno Novaes,190.***.***-93,74,"Alameda De Da Mata, 18",13387-129,MS
Levi Cavalcanti,291.***.***-55,81,"Aeroporto Aragão, 8",57857-653,DF
João Pedro Lopes,407.***.***-96,55,"Vereda Daniel Gonçalves, 6",96830-555,PB
Heloísa Da Luz,569.***.***-57,62,"Conjunto De Cunha, 63",07472-157,SP
Lorena Gomes,298.***.***-65,21,"Rodovia De Cavalcanti, 47",09605-665,AP
Milena Vieira,623.***.***-51,98,"Loteamento Thiago Fernandes, 51",12694-138,PB
Milena Ramos,160.***.***-34,48,Praça Breno Ribeiro,12554-127,PB
Vitor Hugo Ramos,286.***.***-78,74,"Viela Alice Nogueira, 65",24640-044,MA
Ana Julia Nascimento,197.***.***-31,65,Aeroporto Cavalcanti,47705-002,SE
Dr. Enrico Carvalho,254.***.***-00,56,Travessa De Santos,00882-775,MT
Vitor Hugo Cunha,701.***.***-39,92,"Passarela Isis Porto, 38",59540-065,PA
Dr. Samuel Moura,402.***.***-05,23,"Parque Daniel Pinto, 7",12655-421,MT
Luana Nascimento,314.***.***-50,32,"Vila Letícia Da Paz, 17",64325-663,Desconhecido
Dra. Maria Vitória Viana,250.***.***-00,99,Colônia De Moura,29779-356,PR
Sr. Calebe Duarte,936.***.***-04,62,"Alameda João Pedro Castro, 14",55701-851,AM
Leonardo Costela,624.***.***-29,33,Via De Jesus,82505-115,MG
Benício Moreira,136.***.***-24,45,"Feira Marcos Vinicius Da Cruz, 317",67749-105,MA
Lucca Mendes,819.***.***-76,85,"Via De Ferreira, 44",02171-958,MG
Sophie Farias,741.***.***-00,89,"Aeroporto De Ribeiro, 65",76708-298,AM
Bruna Da Rocha,845.***.***-19,64,"Loteamento Otávio Freitas, 74",58449-619,TO
Heitor Nascimento,493.***.***-84,82,Área Maria Fernanda Pinto,46952-516,MT
Rafael Porto,629.***.***-30,29,"Alameda Da Mata, 64",13036-905,MG
Luiz Miguel Da Paz,647.***.***-80,31,"Estrada De Ribeiro, 73",43666-726,MG
Srta. Pietra Duarte,913.***.***-04,97,"Aeroporto De Nascimento, 13",16189-813,PR
Eloah Cunha,908.***.***-60,24,"Chácara De Costa, 62",43036-509,PI
Bruna Rodrigues,625.***.***-67,23,"Campo Da Costa, 719",49786-000,GO
Felipe Monteiro,172.***.***-68,98,"Quadra De Monteiro, 43",16650-333,Desconhecido
Isis Campos,178.***.***-41,39,Estrada Pereira,49494-827,PE
Vitor Novaes,586.***.***-08,79,"Lagoa De Da Rocha, 60",97946-895,PI
Yago Porto,907.***.***-01,43,"Parque Alícia Cavalcanti, 234",01007-185,Desconhecido
Guilherme Campos,354.***.***-79,56,"Largo De Duarte, 24",42665-603,Desconhecido
Vitor Moraes,297.***.***-99,27,"Campo Enrico Lima, 20",56440-418,TO
João Gabriel Jesus,790.***.***-01,100,"Favela Martins, 7",94838-720,ES
Dr. Vitor Hugo Rezende,796.***.***-58,30,"Ladeira Barros, 84",45531-581,AP
Dr. Arthur Carvalho,081.***.***-97,40,"Jardim Silveira, 35",99094-166,RR
Ryan Mendes,239.***.***-55,47,"Viaduto Evelyn Ribeiro, 56",54406-144,MG
Ana Laura Silva,485.***.***-47,79,"Campo De Farias, 77",80754-580,AM
Lorenzo Novaes,370.***.***-05,45,"Loteamento Alice Freitas, 3",92358-703,AL
Cauê Cardoso,019.***.***-60,20,"Trecho Alícia Monteiro, 61",48780-702,AL
Dra. Ana Luiza Silveira,324.***.***-40,84,"Alameda Pinto, 59",44694-989,MT
Lavínia Azevedo,318.***.***-03,77,"Condomínio Larissa Teixeira, 216",41107-119,Desconhecido
Letícia Jesus,451.***.***-19,78,"Vale De Da Mata, 75",70957-619,TO
Bruna Ribeiro,352.***.***-10,73,Trevo Beatriz Cardoso,69816-364,AP
Theo Da Mata,758.***.***-44,67,"Feira Souza, 65",50266-088,AL
João Gabriel Porto,956.***.***-91,53,"Fazenda Luiza Campos, 62",82245-415,GO
Maria Julia Freitas,178.***.***-53,74,"Loteamento De Gomes, 86",11683-949,RS
Dr. Otávio Barros,683.***.***-21,28,"Condomínio Marina Costela, 29",55993-371,RR
Yasmin Gomes,827.***.***-35,100,"Feira Letícia Nascimento, 5",19530-508,MA
Sofia Novaes,576.***.***-83,45,"Aeroporto De Ribeiro, 57",29650-538,MT
Ian Da Luz,152.***.***-77,36,"Feira Moura, 2",02663-431,PB
Davi Luiz Souza,857.***.***-53,78,"Favela Peixoto, 76",26284-015,PE
Cecília Araújo,032.***.***-26,21,"Distrito Rezende, 61",93259-309,MT
Luiz Gustavo Duarte,381.***.***-44,61,"Favela Caldeira, 98",45764-587,DF
Ana Julia Cardoso,704.***.***-88,29,"Chácara Campos, 423",16112-198,MG
Gabrielly Lima,560.***.***-30,99,"Parque Alves, 70",53410-009,RN
Heloísa Ribeiro,437.***.***-37,65,Sítio Luiz Gustavo Cunha,04718-173,RJ
Letícia Costa,530.***.***-70,45,"Viela Yago Oliveira, 70",09463-810,RN
Ana Beatriz Da Rocha,438.***.***-04,81,"Alameda João Fernandes, 25",46344-769,GO
Benjamin Moura,975.***.***-97,23,"Trevo De Rezende, 83",11231-598,AL
Ana Julia Fogaça,103.***.***-70,39,"Área De Gonçalves, 31",21471-324,RR
Clara Da Mata,354.***.***-00,42,"Aeroporto De Gomes, 936",04382-205,MT
Fernanda Oliveira,102.***.***-14,43,"Trevo Correia, 72",44387-007,RN
Laura Das Neves,723.***.***-29,26,"Viaduto Vitor Gabriel Ferreira, 32",10002-726,GO
Lívia Teixeira,694.***.***-29,41,"Alameda Teixeira, 9",26639-492,AL
Eloah Moreira,904.***.***-00,91,"Pátio De Nunes, 3",69899-911,Desconhecido
Lívia Cardoso,619.***.***-61,89,Campo De Da Paz,48502-316,PE
Augusto Freitas,930.***.***-01,63,"Trevo Marcos Vinicius Jesus, 4",23410-106,AL
Raquel Fernandes,467.***.***-94,78,"Parque De Teixeira, 132",37918-718,AM
Sr. Anthony Da Costa,614.***.***-07,34,"Área Lima, 7",74051-909,PI
Murilo Melo,431.***.***-80,23,"Trecho Pires, 10",61544-643,MS
Srta. Mirella Barbosa,430.***.***-75,86,Pátio De Da Rosa,13351-045,SE
Gabriela Das Neves,437.***.***-65,42,Avenida Emilly Pereira,55933-377,AL
Bruno Da Cunha,259.***.***-24,31,Quadra Costa,67500-713,MA
Alexandre Rodrigues,740.***.***-85,59,"Vale Rezende, 20",20752-947,AL
Natália Rezende,784.***.***-11,63,"Sítio Nascimento, 64",48051-121,MG
Emilly Caldeira,732.***.***-07,25,"Estrada Eduardo Porto, 85",91509-960,MA
Levi Azevedo,639.***.***-91,86,"Estação Da Cruz, 13",42793-309,PI
Nicole Da Rocha,567.***.***-90,25,"Distrito Clara Viana, 41",54222-151,Desconhecido
Joana Moreira,435.***.***-51,66,"Viela De Das Neves, 139",61687-564,DF
Maria Eduarda Almeida,573.***.***-56,73,"Travessa De Barros, 4",15465-108,PB
Marcela Da Cruz,876.***.***-78,93,"Viela Viana, 95",96728-974,Desconhecido
Helena Nunes,843.***.***-42,88,"Feira Vieira, 28",98682-147,SC
Isaac Oliveira,209.***.***-01,51,"Rodovia Cardoso, 377",73265-406,MT
Manuela Pinto,094.***.***-20,41,"Praia Almeida, 6",27060-932,AM
Bryan Ramos,681.***.***-94,37,"Aeroporto De Da Rocha, 27",59692-448,MS
Sr. Enzo Gabriel Fernandes,769.***.***-21,19,"Rodovia Laís Nunes, 50",84491-232,RR
Brenda Ramos,269.***.***-83,99,"Rodovia De Souza, 416",69793-970,PI
Yuri Rezende,564.***.***-89,99,"Praia Costa, 3",01477-044,AC
Luiz Miguel Da Costa,630.***.***-34,75,Via Porto,65105-570,PR
Enzo Nogueira,187.***.***-69,64,"Campo Cauã Freitas, 66",85645-933,PB
Davi Lucca Azevedo,035.***.***-10,68,"Condomínio Cunha, 74",72670-629,PA
Luiz Otávio Fernandes,716.***.***-85,71,Núcleo Pietro Barros,50655-157,PE
Thomas Correia,083.***.***-66,78,"Aeroporto Melo, 31",30242-400,AC
Davi Lucca Teixeira,647.***.***-26,84,"Condomínio De Lima, 66",13523-948,GO
Luiz Gustavo Ribeiro,149.***.***-78,31,"Pátio Davi Lucca Viana, 6",40343-223,PA
Pietra Da Mata,427.***.***-08,68,"Feira Gonçalves, 4",10286-777,AP
Joaquim Azevedo,016.***.***-16,70,Núcleo Viana,11680-837,RN
Sra. Agatha Melo,506.***.***-60,27,"Feira De Oliveira, 1",46119-752,RN
Maria Julia Lopes,613.***.***-68,56,"Campo Araújo, 10",67151-903,GO
Dr. Marcelo Cardoso,862.***.***-07,80,Lagoa Ana Sophia Oliveira,62532-432,RN
Catarina Moreira,207.***.***-11,34,"Jardim Sales, 42",22835-296,RO
Heitor Vieira,089.***.***-92,75,"Morro Aragão, 796",42612-351,MT
Luiz Fernando Da Luz,071.***.***-01,75,"Aeroporto Pietro Oliveira, 4",30217-731,RR
Sabrina Silva,216.***.***-69,86,"Rodovia Pedro Henrique Santos, 46",22369-254,AL
Luiz Henrique Martins,648.***.***-82,46,"Praia Ferreira, 17",19236-190,RJ
Catarina Carvalho,196.***.***-10,48,"Vila De Farias, 46",76084-492,AL
Ana Vitória Azevedo,529.***.***-01,78,"Campo Yasmin Moreira, 49",43663-204,AP
Thales Campos,412.***.***-89,82,"Avenida Lavínia Castro, 46",68968-100,SP
Thales Oliveira,369.***.***-50,83,Condomínio Levi Almeida,36960-943,AM
Fernanda Cavalcanti,912.***.***-51,71,"Viela Isis Gomes, 43",41621-418,AP
Dr. João Gabriel Da Conceição,831.***.***-00,47,"Jardim Luiz Felipe Duarte, 1",95860-979,RR
Noah Barros,310.***.***-86,33,"Jardim Almeida, 48",96441-879,MS
Dr. Felipe Novaes,685.***.***-59,52,"Pátio De Ribeiro, 16",56423-394,RJ
Luiz Fernando Aragão,120.***.***-01,21,"Ladeira Mariane Santos, 7",22231-939,SE
Ana Júlia Cardoso,812.***.***-76,84,"Vila Silveira, 86",42269-180,PB
Marina Ramos,068.***.***-10,62,"Ladeira Duarte, 35",65624-052,MT
Dra. Joana Lopes,619.***.***-11,58,"Viaduto De Novaes, 952",69283-354,SP
Isabel Duarte,146.***.***-87,58,"Aeroporto Isaac Da Conceição, 1",56147-352,MT
Paulo Jesus,078.***.***-92,55,"Fazenda De Porto, 4",21597-335,PR
Laura Costa,540.***.***-25,85,"Distrito De Moraes, 56",37718-933,AP
Sra. Milena Pinto,280.***.***-24,65,"Jardim Novaes, 13",42069-041,RO
Danilo Ribeiro,109.***.***-80,68,"Ladeira De Da Conceição, 76",04773-982,TO
Lívia Nunes,742.***.***-23,50,"Passarela De Porto, 65",35531-299,PI
Alícia Rodrigues,349.***.***-16,52,"Travessa De Farias, 9",66582-980,RS
Agatha Rezende,057.***.***-79,95,"Parque Da Luz, 3",70106-998,RR
Juliana Santos,605.***.***-59,95,"Parque De Silveira, 6",94014-349,MS
Maria Fernanda Da Conceição,408.***.***-50,63,"Campo Santos, 714",91375-590,RJ
Daniela Barbosa,861.***.***-64,37,"Área De Moreira, 82",57160-931,DF
Arthur Pinto,562.***.***-25,32,Viela Kamilly Cunha,09969-992,SP
Emanuel Aragão,910.***.***-57,43,"Campo De Da Cruz, 22",97327-024,SC
Dra. Alice Vieira,936.***.***-00,78,Rodovia Cunha,80439-199,MA
Maria Cecília Moreira,805.***.***-71,66,"Passarela João Pedro Nunes, 6",84706-059,DF
,532.***.***-41,75,"Estação Alves, 8",42191-461,PE
Maria Vitória Campos,380.***.***-57,57,"Viela Da Costa, 16",89005-825,MA
Isabel Da Conceição,819.***.***-93,91,"Vale Nogueira, 8",66713-213,Desconhecido
,013.***.***-69,46,"Parque Helena Pires, 852",41877-182,AL
Dr. Thomas Nunes,967.***.***-46,83,"Vereda Da Mota, 37",50836-481,SE
Lucca Moura,718.***.***-35,38,"Praia Bryan Martins, 8",78906-852,SE
Diogo Souza,169.***.***-95,67,"Largo Maysa Cavalcanti, 6",94991-235,AP
Juliana Costa,980.***.***-39,54,"Alameda De Campos, 32",35493-001,AL
Eduarda Da Costa,739.***.***-48,90,"Jardim De Lima, 1",92943-262,MT
Alana Freitas,427.***.***-73,52,Aeroporto Noah Jesus,89754-825,Desconhecido
Murilo Ramos,374.***.***-00,98,"Feira Jesus, 20",51628-446,DF
Cecília Souza,294.***.***-30,22,"Campo Emanuelly Gonçalves, 51",59410-071,Desconhecido
Raul Martins,187.***.***-26,98,"Alameda De Carvalho, 150",84797-278,RR
Renan Cavalcanti,072.***.***-77,71,"Trevo Nina Pereira, 99",69871-484,Desconhecido
Sr. Diego Pires,842.***.***-41,35,"Morro Eduarda Farias, 92",37463-172,AC
Sofia Da Rocha,719.***.***-03,59,"Vale Davi Luiz Dias, 709",89234-785,Desconhecido
Lorenzo Dias,271.***.***-04,100,"Favela Elisa Barbosa, 521",00115-723,SC
Sr. Vitor Souza,426.***.***-83,75,"Aeroporto Laura Gonçalves, 7",73615-878,MG
Vitor Gabriel Cardoso,354.***.***-50,32,"Setor De Da Luz, 81",41556-273,GO
Pedro Rodrigues,790.***.***-20,100,"Trevo De Moreira, 63",62981-534,PI
Eduarda Teixeira,745.***.***-17,77,"Ladeira Peixoto, 85",20590-392,MA
Daniel Oliveira,753.***.***-08,36,Colônia Maitê Cardoso,07346-251,DF
Isadora Nogueira,129.***.***-05,30,"Praia De Campos, 94",17994-979,PR
Sr. Fernando Moraes,768.***.***-95,98,"Área Moreira, 8",53772-543,PA
Luiza Araújo,246.***.***-10,71,Jardim De Dias,61141-993,Desconhecido
Maria Luiza Pires,620.***.***-67,47,"Viela De Gonçalves, 79",33045-503,SC
João Lucas Das Neves,974.***.***-49,50,"Campo De Nascimento, 5",96012-712,SP
Vitor Gabriel Carvalho,387.***.***-92,88,"Viaduto Farias, 15",80186-004,PR
Henrique Sales,196.***.***-39,59,"Jardim Cavalcanti, 94",67401-928,Desconhecido
Henrique Ferreira,360.***.***-07,30,"Lago De Lopes, 6",54884-139,GO
Dra. Raquel Da Mota,263.***.***-78,34,"Aeroporto De Fogaça, 29",37979-425,TO
Levi Melo,513.***.***-09,37,"Travessa De Da Luz, 42",27079-723,MS
Ana Luiza Gomes,287.***.***-12,34,"Estação De Da Costa, 211",07901-377,PA
Isaac Fernandes,572.***.***-07,79,"Recanto Rodrigues, 80",44325-470,PI
Leandro Fernandes,018.***.***-15,67,"Praia Daniel Barbosa, 847",71207-030,Desconhecido
Dr. Breno Sales,135.***.***-42,79,Estação Miguel Rodrigues,28628-790,AL
Rafael Araújo,481.***.***-17,85,"Trevo Sofia Moreira, 67",71613-443,Desconhecido
Eduardo Da Costa,043.***.***-31,75,"Quadra De Alves, 729",59140-150,PA
Dra. Larissa Fernandes,562.***.***-00,99,"Aeroporto Jesus, 2",56777-283,ES
Milena Da Rocha,864.***.***-49,81,"Alameda Araújo, 53",43263-289,MS
Eduarda Aragão,362.***.***-90,78,"Viela De Sales, 68",18765-887,TO
Sr. Ian Barbosa,149.***.***-70,67,"Morro Ryan Da Luz, 43",51932-151,PB
Ian Cardoso,731.***.***-78,85,Área Ferreira,48456-726,AP
Vitor Gabriel Ferreira,916.***.***-01,54,"Conjunto Farias, 36",70212-072,SE
Rodrigo Melo,982.***.***-89,45,Praia Marina Da Rosa,85701-195,AC
Anthony Rezende,831.***.***-66,95,"Via De Viana, 68",12487-147,SC
Sra. Bianca Farias,783.***.***-26,33,"Viela Campos, 2",65687-060,MG
João Carvalho,298.***.***-50,92,"Vereda De Aragão, 15",91408-129,RR
Benício Da Costa,783.***.***-07,30,"Vereda De Souza, 13",86657-778,PR
Yuri Alves,896.***.***-03,88,"Colônia Da Costa, 7",16870-883,SE
Gabriela Da Rosa,210.***.***-31,78,"Vale De Caldeira, 8",20825-399,AL
Eduarda Da Conceição,238.***.***-00,100,"Praia De Silva, 91",24305-998,ES
Vicente Aragão,875.***.***-88,98,Avenida Da Luz,75092-067,AL
Srta. Sabrina Teixeira,682.***.***-89,89,"Estrada De Da Rosa, 69",77228-702,AP
Antônio Santos,198.***.***-03,87,"Morro Da Rocha, 84",24197-526,MT
Dr. Lucca Pinto,526.***.***-09,22,"Estrada Sabrina Freitas, 40",89103-366,DF
Emilly Vieira,924.***.***-33,73,"Recanto Miguel Moraes, 45",68905-986,RS
Dr. Gabriel Da Mata,701.***.***-69,60,"Feira De Farias, 28",10092-770,RS
Emanuella Azevedo,406.***.***-01,70,"Sítio Moura, 50",72380-665,GO
Ana Julia Rocha,618.***.***-60,49,"Trevo Davi Lucca Da Cruz, 72",10620-881,PI
Milena Castro,482.***.***-82,61,"Chácara Da Mota, 218",77257-467,RJ
Lavínia Peixoto,204.***.***-50,74,"Feira Martins, 78",98698-651,RN
Enzo Gabriel Gomes,893.***.***-40,29,"Setor Luiz Henrique Monteiro, 4",31999-823,MG
Laura Fogaça,196.***.***-80,36,"Chácara De Da Mota, 4",37543-030,PA
Sr. Vitor Da Mata,062.***.***-78,62,Endereco Invalido,,Desconhecido
Sophie Pinto,023.***.***-40,30,Residencial Noah Mendes,80740-422,SC
Sr. Kaique Peixoto,726.***.***-47,63,"Fazenda Moraes, 80",10237-716,ES
Luiz Henrique Mendes,248.***.***-76,91,"Travessa Leandro Da Mata, 898",45312-734,RO
Sr. Felipe Barros,569.***.***-57,50,"Área Raquel Moura, 8",98516-774,TO
Ana Beatriz Pereira,798.***.***-01,55,Condomínio De Santos,26568-369,MG
Sr. Rafael Silva,238.***.***-15,28,"Estação Lara Almeida, 67",07156-430,PE
Dra. Olivia Mendes,189.***.***-05,92,Residencial De Mendes,59537-246,RR
Eduardo Sales,052.***.***-74,41,"Aeroporto Emanuel Barros, 4",65237-430,DF
André Rodrigues,375.***.***-91,74,"Trecho Gomes, 3",95102-156,GO
Sophia Cavalcanti,092.***.***-56,93,"Alameda Paulo Da Cruz, 70",39239-552,PR
Carolina Sales,519.***.***-40,33,"Residencial Pinto, 95",81148-942,DF
Lucas Monteiro,654.***.***-37,77,"Lagoa De Silveira, 91",06218-590,PI
João Felipe Dias,850.***.***-42,53,"Condomínio Moura, 504",43343-451,SE
Dr. Ian Fogaça,248.***.***-32,94,Distrito De Cavalcanti,47512-712,RJ
Lorena Barros,785.***.***-10,85,"Favela Letícia Jesus, 34",49782-391,MG
Sra. Ana Clara Teixeira,760.***.***-59,50,"Feira De Da Conceição, 796",18099-340,SE
Natália Monteiro,481.***.***-60,82,Morro De Ramos,44747-230,AM
Eduarda Duarte,893.***.***-30,22,"Quadra Lopes, 69",26521-494,Desconhecido
Larissa Carvalho,632.***.***-37,93,"Jardim De Carvalho, 5",16152-953,AL
Lara Moraes,549.***.***-09,20,"Vereda Araújo, 18",60268-221,PI
Sophie Da Rosa,254.***.***-50,99,"Pátio Fernandes, 59",16613-784,AM
Olivia Martins,391.***.***-39,84,"Jardim Vinicius Caldeira, 28",92977-860,DF
Thomas Barros,105.***.***-12,73,"Passarela De Araújo, 123",73587-974,AM
Davi Luiz Azevedo,478.***.***-31,60,"Rodovia Eduarda Ramos, 87",24750-721,PB
Danilo Santos,297.***.***-55,99,"Viela Ana Júlia Fernandes, 25",80993-491,AC
Sr. Enzo Porto,496.***.***-67,100,"Vereda Cauê Barbosa, 141",93386-492,MA
Bianca Alves,304.***.***-57,68,"Campo Rodrigues, 351",54149-753,MS
Alexia Das Neves,267.***.***-00,87,"Residencial De Sales, 5",86404-551,SE
Esther Campos,523.***.***-53,59,"Área De Castro, 108",35970-851,PI
Ana Júlia Freitas,584.***.***-17,59,"Estrada Fernanda Jesus, 2",84192-258,AC
Maria Vitória Da Mata,826.***.***-76,58,"Lagoa Pietro Da Cruz, 524",97865-496,RO
Ryan Da Mata,172.***.***-80,22,"Rodovia De Porto, 90",21253-207,GO
Emilly Ribeiro,584.***.***-05,23,"Parque De Gomes, 71",39690-144,PA
Bernardo Pinto,217.***.***-12,96,"Esplanada De Moura, 30",06003-306,PA
Nicole Peixoto,829.***.***-89,69,Distrito Moraes,48826-926,MS
Isaac Da Conceição,867.***.***-85,77,"Lago Da Luz, 59",31058-064,AM
Davi Lucca Santos,571.***.***-73,63,"Favela Beatriz Da Costa, 77",84156-036,RJ
Paulo Lopes,186.***.***-11,69,"Passarela Davi Lucca Lopes, 37",98206-073,MG
Sophie Vieira,938.***.***-83,38,"Vereda De Da Mota, 564",26975-832,MA
Rodrigo Da Cruz,648.***.***-11,52,"Favela Costa, 372",52549-990,GO
Sr. Samuel Barbosa,903.***.***-23,32,"Distrito Jesus, 34",50869-292,RS
Dr. Cauê Ramos,109.***.***-34,71,"Viela De Castro, 27",66324-461,DF
Bruno Jesus,354.***.***-42,28,"Campo Moreira, 48",08973-162,RN
Lívia Correia,843.***.***-65,53,"Favela De Da Rocha, 6",05310-779,MS
Enrico Da Rocha,241.***.***-05,28,Condomínio Maria Julia Cavalcanti,11528-497,PA
Rafaela Aragão,269.***.***-22,75,Chácara Maria Fernanda Castro,14151-560,PB
Dr. Marcos Vinicius Farias,475.***.***-80,89,Ladeira Castro,72626-905,MA
Larissa Lopes,015.***.***-12,79,"Largo Cavalcanti, 96",83933-940,SC
Isadora Carvalho,917.***.***-13,,"Pátio De Da Paz, 57",47963-078,SC
Sr. Vitor Da Rocha,234.***.***-51,79,"Recanto De Novaes, 32",05842-432,TO
Isadora Pereira,501.***.***-06,93,"Jardim Stella Da Costa, 91",17635-424,Desconhecido
Dr. Bernardo Da Cunha,147.***.***-79,51,"Residencial Marina Azevedo, 89",75184-425,MT
Gabrielly Mendes,954.***.***-50,48,"Praça João Rezende, 30",16339-527,RJ
Sr. Bruno Da Mata,473.***.***-99,95,"Chácara Alice Ferreira, 678",86268-453,TO
Breno Rocha,237.***.***-52,61,Estação De Rodrigues,70341-376,PA
Luigi Ferreira,148.***.***-19,71,Trevo Vieira,77209-204,AP
Davi Lucca Da Cruz,862.***.***-78,73,"Sítio De Novaes, 75",20206-108,AL
Henrique Almeida,824.***.***-31,60,"Área Da Costa, 29",76291-483,MS
Dr. Vitor Hugo Caldeira,943.***.***-42,37,"Feira Da Costa, 17",20897-515,SE
Alexia Souza,348.***.***-48,71,"Lagoa Alves, 97",77554-758,MT
Luiza Azevedo,683.***.***-92,75,"Recanto Elisa Da Mota, 8",27537-027,AL
Dr. Kaique Da Mota,143.***.***-60,93,"Setor Vinicius Moraes, 475",22195-398,TO
Laura Lima,051.***.***-41,84,"Área Oliveira, 91",64776-374,SP
Raul Rodrigues,039.***.***-05,56,"Aeroporto Da Rocha, 499",98010-973,Desconhecido
Joaquim Melo,305.***.***-21,92,"Ladeira Ribeiro, 6",39990-961,PE
Benjamin Cardoso,054.***.***-44,82,"Trevo Da Cunha, 2",96921-591,AL
João Miguel Lopes,741.***.***-26,35,"Via De Nunes, 63",31900-805,ES
Letícia Da Mota,587.***.***-02,25,"Travessa De Lopes, 205",95876-862,Desconhecido
Levi Da Rocha,840.***.***-92,42,"Via Brenda Cunha, 49",86881-385,AC
Lorena Caldeira,625.***.***-60,54,"Praça Ana Luiza Fernandes, 5",06539-736,Desconhecido
Cauê Nogueira,473.***.***-64,97,Recanto Melo,67379-023,ES
Sra. Yasmin Ferreira,805.***.***-68,86,"Lago De Da Cunha, 6",00656-680,RN
Nicole Almeida,529.***.***-79,91,Chácara João Gabriel Nogueira,01170-828,MG
Fernando Pereira,560.***.***-59,48,"Trecho De Rodrigues, 659",14069-474,PR
Breno Pereira,916.***.***-91,30,"Residencial Gabriela Azevedo, 35",93794-457,PI
Clara Dias,190.***.***-50,40,"Conjunto Da Conceição, 39",24816-322,DF
Dra. Milena Vieira,237.***.***-87,71,"Campo Camila Das Neves, 14",50083-987,MG
Vitor Gabriel Porto,394.***.***-43,88,"Residencial Luiza Correia, 598",71706-964,ES
Sr. Erick Da Rosa,971.***.***-84,27,Núcleo De Caldeira,94501-805,AL
Marcos Vinicius Da Cunha,709.***.***-04,33,"Lagoa De Rodrigues, 23",35353-077,RN
Sra. Nina Pires,651.***.***-26,45,"Viela Eloah Cunha, 42",51015-275,RS
Felipe Ribeiro,259.***.***-60,78,"Núcleo Maria Julia Cunha, 21",63315-732,PE
Maria Julia Porto,864.***.***-07,36,Alameda Nascimento,96587-270,GO
Pedro Cardoso,125.***.***-50,37,"Travessa De Da Rosa, 86",42656-531,PA
Rebeca Da Paz,047.***.***-66,59,"Sítio De Costa, 5",19576-291,TO
Enrico Gonçalves,637.***.***-46,85,Campo Bernardo Barros,33001-880,MG
Murilo Campos,031.***.***-22,98,Recanto Silva,63796-922,SP
Olivia Porto,608.***.***-65,39,"Conjunto Almeida, 3",21477-072,AC
Mirella Da Conceição,854.***.***-05,40,"Pátio João Lucas Cardoso, 77",79930-769,AM
Stephany Cardoso,453.***.***-46,91,"Praia Luiz Gustavo Da Luz, 83",28346-057,RO
Sr. Enrico Melo,829.***.***-89,,"Esplanada Farias, 252",48121-749,GO
Dr. Gabriel Souza,432.***.***-52,24,"Rodovia De Costela, 116",32543-886,Desconhecido
Davi Jesus,914.***.***-70,52,"Quadra Vieira, 230",20549-693,RO
Guilherme Freitas,517.***.***-07,45,"Trecho De Caldeira, 369",92148-278,SE
Theo Costa,705.***.***-49,82,"Largo João Santos, 10",12375-502,RN
Dr. Gustavo Henrique Das Neves,430.***.***-00,99,"Setor Juliana Fogaça, 605",18088-133,MA
Maria Luiza Gomes,821.***.***-53,81,"Área Ana Vitória Martins, 56",75746-599,Desconhecido
Davi Lucas Peixoto,610.***.***-07,38,"Área Thomas Moraes, 58",13457-754,RJ
Bruna Almeida,610.***.***-57,73,"Chácara Mendes, 64",34300-875,PR
Juliana Ramos,846.***.***-05,22,"Vale De Duarte, 5",61116-966,AM
Sarah Nascimento,560.***.***-99,78,"Alameda Das Neves, 1",82186-975,MT
Brenda Da Luz,037.***.***-22,75,"Viela Danilo Farias, 54",03246-491,PE
Heloísa Da Costa,648.***.***-19,82,"Favela Correia, 6",59071-766,SE
Emanuella Araújo,758.***.***-82,65,Rodovia Maria Julia Peixoto,02953-469,AC
Vitor Viana,036.***.***-34,67,"Trecho De Oliveira, 41",99982-495,AC
Yago Lopes,720.***.***-59,77,"Lagoa Danilo Fogaça, 756",87198-340,RO
Lívia Souza,308.***.***-50,37,"Colônia De Correia, 93",00380-618,Desconhecido
Gabriela Cavalcanti,359.***.***-41,58,"Setor Oliveira, 4",88628-790,MA
Enzo Nogueira,309.***.***-00,83,Morro De Ferreira,46105-897,MG
Dr. Ian Barbosa,412.***.***-03,92,"Alameda Eduardo Barros, 60",29659-334,PI
Gabriela Rocha,348.***.***-35,36,"Área Joaquim Nogueira, 98",80157-244,MA
Maria Julia Martins,576.***.***-12,83,"Loteamento De Nunes, 83",30147-296,PB
Dra. Marina Santos,950.***.***-02,59,"Viela Alana Souza, 456",33893-264,DF
Heloísa Teixeira,635.***.***-07,89,"Viela De Da Cruz, 61",08463-362,PA
Paulo Farias,593.***.***-15,74,"Esplanada Thomas Pires, 33",74600-883,AP
Gabrielly Cardoso,127.***.***-43,96,Estrada Da Cruz,12482-253,AP
Davi Aragão,598.***.***-20,36,"Residencial De Cardoso, 66",46634-145,SE
Yago Peixoto,380.***.***-05,96,"Condomínio De Nunes, 436",68017-566,PI
Erick Da Conceição,983.***.***-83,61,"Morro Nunes, 657",17146-952,Desconhecido
Isis Araújo,216.***.***-13,71,"Praia De Campos, 82",65663-001,SP
Dr. Nicolas Rezende,460.***.***-49,43,"Esplanada Marcela Castro, 36",21776-950,PA
Sr. Samuel Nascimento,914.***.***-24,67,Setor Luana Ramos,49464-321,AC
Sra. Maria Fernanda Barbosa,718.***.***-03,91,"Esplanada Pedro Nascimento, 71",82047-968,GO
Luiz Felipe Farias,069.***.***-74,82,"Favela Kaique Fogaça, 19",89539-314,AL
Sr. Calebe Silva,402.***.***-49,63,Rodovia De Castro,68988-668,ES
Emanuella Gonçalves,107.***.***-02,71,Endereco Invalido,,Desconhecido
Augusto Oliveira,246.***.***-17,33,"Colônia Costa, 81",52635-474,RO
Pedro Azevedo,953.***.***-65,69,"Vale Vieira, 49",80646-514,RS
Sra. Maria Luiza Fogaça,650.***.***-06,69,"Recanto De Moreira, 426",33803-068,MT
Eduarda Oliveira,365.***.***-83,59,"Sítio Clarice Sales, 99",99374-144,PB
Paulo Ramos,490.***.***-43,23,Sítio Azevedo,13648-723,DF
Beatriz Pires,275.***.***-21,35,Recanto De Castro,11181-216,MA
Fernando Azevedo,790.***.***-99,30,"Estação Rafael Nunes, 90",13086-960,RO
Eloah Silva,037.***.***-61,90,"Viela Da Rocha, 160",03877-874,Desconhecido
Caio Araújo,407.***.***-14,36,"Morro Ribeiro, 11",18090-665,GO
Sra. Valentina Sales,269.***.***-31,86,"Sítio Ramos, 73",27212-763,MG
Melissa Cunha,719.***.***-73,26,"Ladeira Luiza Pinto, 9",29866-751,MT
Laís Da Paz,139.***.***-33,98,"Lagoa Cavalcanti, 12",95149-381,SP
Heitor Silveira,183.***.***-89,90,Avenida Azevedo,65167-615,MA
Fernanda Moraes,064.***.***-44,46,"Avenida Rocha, 13",99471-813,PI
Alana Souza,801.***.***-42,52,"Praia Moreira, 1",95586-377,SE
Srta. Caroline Da Rosa,192.***.***-98,53,"Passarela Rocha, 96",12527-333,SP
Stephany Vieira,682.***.***-22,48,"Travessa Guilherme Carvalho, 7",17310-105,MS
Enzo Barros,794.***.***-16,68,"Estação Fernandes, 85",99679-423,GO
Caroline Peixoto,036.***.***-30,68,"Loteamento Thales Pires, 51",19864-623,RR
Maria Vitória Novaes,804.***.***-58,41,"Via Vieira, 26",40712-368,GO
Bruna Moura,240.***.***-06,95,"Quadra Amanda Martins, 4",19144-449,MG
Maitê Peixoto,501.***.***-58,63,"Distrito Caldeira, 95",65997-329,PI
Dr. Anthony Barbosa,749.***.***-20,21,"Distrito De Fogaça, 13",53877-441,AP
Alexandre Jesus,269.***.***-34,70,"Aeroporto De Fogaça, 74",60502-356,Desconhecido
Marcos Vinicius Campos,421.***.***-22,47,"Trecho De Barbosa, 7",35218-132,RJ
Rebeca Da Rosa,640.***.***-22,,Trecho Da Mata,57152-686,SC
Henrique Monteiro,378.***.***-73,,"Largo Theo Silva, 91",58201-009,SP
Luigi Da Rosa,316.***.***-87,,"Pátio De Rocha, 4",90133-939,MG
Melissa Dias,170.***.***-05,,"Quadra Isabel Castro, 40",73474-780,PI
Igor Ramos,695.***.***-77,,"Lago De Caldeira, 4",80339-055,AC
Alice Cardoso,123.***.***-09,,"Viaduto Araújo, 76",81023-402,PR
Breno Freitas,205.***.***-41,,"Loteamento De Ferreira, 24",04025-468,PA
Ana Lívia Da Paz,347.***.***-69,19,"Ladeira Gomes, 10",16710-644,RJ
Sr. Daniel Cavalcanti,609.***.***-33,,"Núcleo De Da Paz, 894",45639-116,GO
Sr. Pedro Cavalcanti,863.***.***-84,,Recanto De Melo,07870-886,Desconhecido
Nome Invalido,930.***.***-38,40,"Colônia Da Rocha, 31",88480-773,RN
Nome Invalido,146.***.***-00,94,"Estrada Nogueira, 21",84689-543,PB
Renan Da Luz,294.***.***-23,75,Rua Não Cadastrada,00000-000,PR
Caroline Costa,401.***.***-88,22,Rua Não Cadastrada,00000-000,RS
Giovanna Farias,241.***.***-35,42,Rua Não Cadastrada,00000-000,RJ
Maitê Araújo,496.***.***-55,54,Rua Não Cadastrada,00000-000,RS
Lavínia Da Mota,039.***.***-00,22,Rua Não Cadastrada,00000-000,ES
Igor Cardoso,345.***.***-05,50,Rua Não Cadastrada,00000-000,AM
Maria Julia Campos,018.***.***-13,100,Rua Não Cadastrada,00000-000,MG
Marcos Vinicius Das Neves,617.***.***-02,87,Rua Não Cadastrada,00000-000,RO
Isabel Barbosa,986.***.***-02,28,Rua Não Cadastrada,00000-000,MG
Ryan Gomes,861.***.***-60,59,Rua Não Cadastrada,00000-000,SP
Breno Duarte,463.***.***-98,68,Rua Não Cadastrada,00000-000,TO
Eloah Peixoto,064.***.***-16,81,Rua Não Cadastrada,00000-000,MG
Luiza Sales,726.***.***-80,57,Rua Não Cadastrada,00000-000,GO
Dr. Alexandre Sales,427.***.***-40,89,Rua Não Cadastrada,00000-000,SP
Alícia Campos,162.***.***-94,50,Rua Não Cadastrada,00000-000,GO
Luigi Porto,826.***.***-83,45,"Parque De Santos, 88",60112-833,PI
